county,area,siteid,sitename,monitoryear,monitormonth,ph,conductivity,cl,no3,so42,h,nh4,na,k,mg2,ca2,hco3,samplemanageragencyid
南投縣,魚池鄉,S43,日月潭,2023,12,6.11,18.4,,,,,,,,,,,NCU
南投縣,魚池鄉,S43,日月潭,2023,11,6.25,11.4,,,,,,,,,,,NCU
南投縣,魚池鄉,S43,日月潭,2023,10,6.25,23.9,,,,,,,,,,,NCU
南投縣,魚池鄉,S43,日月潭,2023,9,5.80,8.9,,,,,,,,,,,NCU
南投縣,魚池鄉,S43,日月潭,2023,8,6.11,11.4,,,,,,,,,,,NCU
南投縣,魚池鄉,S43,日月潭,2023,7,5.98,9.1,,,,,,,,,,,NCU
臺北市,北投區,S42,鞍部,2023,12,5.43,40.0,,,,,,,,,,,NCU
臺北市,北投區,S42,鞍部,2023,11,5.42,65.8,,,,,,,,,,,NCU
臺北市,北投區,S42,鞍部,2023,10,5.41,41.4,,,,,,,,,,,NCU
臺北市,北投區,S42,鞍部,2023,9,5.35,17.2,,,,,,,,,,,NCU
臺北市,北投區,S42,鞍部,2023,8,5.46,13.3,,,,,,,,,,,NCU
臺北市,北投區,S42,鞍部,2023,7,5.74,25.6,,,,,,,,,,,NCU
彭佳嶼,彭佳嶼,S41,彭佳嶼,2023,12,5.68,42.3,,,,,,,,,,,NCU
彭佳嶼,彭佳嶼,S41,彭佳嶼,2023,11,#DIV/0!,#DIV/0!,,,,,,,,,,,NCU
彭佳嶼,彭佳嶼,S41,彭佳嶼,2023,10,5.36,60.4,,,,,,,,,,,NCU
彭佳嶼,彭佳嶼,S41,彭佳嶼,2023,9,6.18,54.8,,,,,,,,,,,NCU
彭佳嶼,彭佳嶼,S41,彭佳嶼,2023,8,6.11,44.7,,,,,,,,,,,NCU
彭佳嶼,彭佳嶼,S41,彭佳嶼,2023,7,6.04,34.9,,,,,,,,,,,NCU
雲林縣,麥寮鄉,S26,雲林,2023,12,6.87,44.2,,,,,,,,,,,NCU
雲林縣,麥寮鄉,S26,雲林,2023,11,#DIV/0!,#DIV/0!,,,,,,,,,,,NCU
雲林縣,麥寮鄉,S26,雲林,2023,10,#DIV/0!,#DIV/0!,,,,,,,,,,,NCU
雲林縣,麥寮鄉,S26,雲林,2023,9,6.51,26.7,,,,,,,,,,,NCU
雲林縣,麥寮鄉,S26,雲林,2023,8,6.41,24.1,,,,,,,,,,,NCU
雲林縣,麥寮鄉,S26,雲林,2023,7,6.77,29.0,,,,,,,,,,,NCU
新竹縣,竹東鎮,S25,新竹,2023,12,#DIV/0!,#DIV/0!,,,,,,,,,,,
新竹縣,竹東鎮,S25,新竹,2023,11,5.11,89.0,,,,,,,,,,,NCU
新竹縣,竹東鎮,S25,新竹,2023,10,#DIV/0!,#DIV/0!,,,,,,,,,,,NCU
新竹縣,竹東鎮,S25,新竹,2023,9,6.34,43.1,,,,,,,,,,,NCU
新竹縣,竹東鎮,S25,新竹,2023,8,6.66,42.3,,,,,,,,,,,NCU
新竹縣,竹東鎮,S25,新竹,2023,7,6.54,32.8,,,,,,,,,,,NCU
新竹縣,竹東鎮,S25,新竹,2023,3,#DIV/0!,#DIV/0!,,,,,,,,,,,NCU
屏東縣,恆春鎮,S24,恆春,2023,12,6.76,80.5,,,,,,,,,,,NCU
屏東縣,恆春鎮,S24,恆春,2023,11,5.42,20.1,,,,,,,,,,,NCU
屏東縣,恆春鎮,S24,恆春,2023,10,5.54,7.7,,,,,,,,,,,NCU
屏東縣,恆春鎮,S24,恆春,2023,9,6.24,10.7,,,,,,,,,,,NCU
屏東縣,恆春鎮,S24,恆春,2023,8,5.45,17.1,,,,,,,,,,,NCU
屏東縣,恆春鎮,S24,恆春,2023,7,6.17,13.6,,,,,,,,,,,NCU
屏東縣,恆春鎮,S24,恆春,2023,3,#DIV/0!,#DIV/0!,,,,,,,,,,,NCU
屏東縣,恆春鎮,S24,恆春,2023,1,#DIV/0!,#DIV/0!,,,,,,,,,,,NCU
臺東縣,成功鎮,S23,成功,2023,12,6.47,30.8,,,,,,,,,,,NCU
臺東縣,成功鎮,S23,成功,2023,11,5.97,65.9,,,,,,,,,,,NCU
臺東縣,成功鎮,S23,成功,2023,10,6.08,33.5,,,,,,,,,,,NCU
臺東縣,成功鎮,S23,成功,2023,9,5.90,13.0,,,,,,,,,,,NCU
臺東縣,成功鎮,S23,成功,2023,8,5.87,15.2,,,,,,,,,,,NCU
臺東縣,成功鎮,S23,成功,2023,7,5.87,13.8,,,,,,,,,,,NCU
臺南縣,歸仁鄉,S22,臺南,2023,12,#DIV/0!,#DIV/0!,,,,,,,,,,,NCU
臺南縣,歸仁鄉,S22,臺南,2023,11,#DIV/0!,#DIV/0!,,,,,,,,,,,NCU
臺南縣,歸仁鄉,S22,臺南,2023,10,6.93,40.3,,,,,,,,,,,NCU
臺南縣,歸仁鄉,S22,臺南,2023,9,6.11,9.2,,,,,,,,,,,NCU
臺南縣,歸仁鄉,S22,臺南,2023,8,5.86,16.6,,,,,,,,,,,NCU
臺南縣,歸仁鄉,S22,臺南,2023,7,6.19,17.1,,,,,,,,,,,NCU
臺南縣,歸仁鄉,S22,臺南,2023,3,#DIV/0!,#DIV/0!,,,,,,,,,,,NCU
臺南縣,歸仁鄉,S22,臺南,2023,2,#DIV/0!,#DIV/0!,,,,,,,,,,,NCU
臺南縣,歸仁鄉,S22,臺南,2023,1,#DIV/0!,#DIV/0!,,,,,,,,,,,NCU
桃園市,中壢區,S21,中壢,2023,12,5.54,36.6,,,,,,,,,,,NCU
桃園市,中壢區,S21,中壢,2023,11,5.42,94.9,,,,,,,,,,,NCU
桃園市,中壢區,S21,中壢,2023,10,5.15,41.2,,,,,,,,,,,NCU
桃園市,中壢區,S21,中壢,2023,9,5.75,12.2,,,,,,,,,,,NCU
桃園市,中壢區,S21,中壢,2023,8,5.42,14.5,,,,,,,,,,,NCU
桃園市,中壢區,S21,中壢,2023,7,6.46,17.6,,,,,,,,,,,NCU
高雄市,鼓山區,S05,高雄,2023,12,6.63,62.3,,,,,,,,,,,NCU
高雄市,鼓山區,S05,高雄,2023,11,#DIV/0!,#DIV/0!,,,,,,,,,,,NCU
高雄市,鼓山區,S05,高雄,2023,10,6.62,109.0,,,,,,,,,,,NCU
高雄市,鼓山區,S05,高雄,2023,9,5.84,44.4,,,,,,,,,,,
高雄市,鼓山區,S05,高雄,2023,8,6.02,41.6,,,,,,,,,,,NCU
高雄市,鼓山區,S05,高雄,2023,7,6.29,56.6,,,,,,,,,,,NCU
高雄市,鼓山區,S05,高雄,2023,3,#DIV/0!,#DIV/0!,,,,,,,,,,,NCU
高雄市,鼓山區,S05,高雄,2023,2,#DIV/0!,#DIV/0!,,,,,,,,,,,NCU
高雄市,鼓山區,S05,高雄,2023,1,#DIV/0!,#DIV/0!,,,,,,,,,,,NCU
嘉義市,北湖里,S04,嘉義,2023,12,6.63,62.3,,,,,,,,,,,NCU
嘉義市,北湖里,S04,嘉義,2023,11,#DIV/0!,#DIV/0!,,,,,,,,,,,NCU
嘉義市,北湖里,S04,嘉義,2023,10,6.35,14.7,,,,,,,,,,,
嘉義市,北湖里,S04,嘉義,2023,9,6.20,16.6,,,,,,,,,,,NCU
嘉義市,北湖里,S04,嘉義,2023,8,6.16,18.3,,,,,,,,,,,NCU
嘉義市,北湖里,S04,嘉義,2023,7,6.38,17.9,,,,,,,,,,,NCU
嘉義市,北湖里,S04,嘉義,2023,2,#DIV/0!,#DIV/0!,,,,,,,,,,,NCU
臺中市,西屯區,S03,臺中,2023,12,6.16,11.6,,,,,,,,,,,NCU
臺中市,西屯區,S03,臺中,2023,11,6.71,31.4,,,,,,,,,,,NCU
臺中市,西屯區,S03,臺中,2023,10,#DIV/0!,#DIV/0!,,,,,,,,,,,NCU
臺中市,西屯區,S03,臺中,2023,9,6.03,13.6,,,,,,,,,,,NCU
臺中市,西屯區,S03,臺中,2023,8,5.85,18.1,,,,,,,,,,,NCU
臺中市,西屯區,S03,臺中,2023,7,6.38,11.6,,,,,,,,,,,NCU
宜蘭縣,宜蘭市,S02,宜蘭,2023,12,5.88,28.2,,,,,,,,,,,NCU
宜蘭縣,宜蘭市,S02,宜蘭,2023,11,5.48,53.6,,,,,,,,,,,NCU
宜蘭縣,宜蘭市,S02,宜蘭,2023,10,5.85,18.5,,,,,,,,,,,NCU
宜蘭縣,宜蘭市,S02,宜蘭,2023,9,5.57,16.9,,,,,,,,,,,NCU
宜蘭縣,宜蘭市,S02,宜蘭,2023,8,5.97,12.2,,,,,,,,,,,NCU
宜蘭縣,宜蘭市,S02,宜蘭,2023,7,5.14,10.7,,,,,,,,,,,NCU
臺北市,中正區,S01,臺北,2023,12,6.45,86.0,,,,,,,,,,,NCU
臺北市,中正區,S01,臺北,2023,11,6.00,49.4,,,,,,,,,,,NCU
臺北市,中正區,S01,臺北,2023,10,5.90,61.4,,,,,,,,,,,NCU
臺北市,中正區,S01,臺北,2023,9,5.44,26.3,,,,,,,,,,,NCU
臺北市,中正區,S01,臺北,2023,8,5.62,16.2,,,,,,,,,,,NCU
臺北市,中正區,S01,臺北,2023,7,5.53,25.8,,,,,,,,,,,NCU
南投縣,魚池鄉,S43,日月潭,2023,6,6.12,13.1,,,,,,,,,,,NCU
南投縣,魚池鄉,S43,日月潭,2023,5,5.91,13.3,,,,,,,,,,,NCU
南投縣,魚池鄉,S43,日月潭,2023,4,6.07,17.8,,,,,,,,,,,NCU
南投縣,魚池鄉,S43,日月潭,2023,3,6.44,20.9,,,,,,,,,,,NCU
南投縣,魚池鄉,S43,日月潭,2023,2,6.16,10.2,,,,,,,,,,,NCU
南投縣,魚池鄉,S43,日月潭,2023,1,6.24,5.3,,,,,,,,,,,NCU
臺北市,北投區,S42,鞍部,2023,6,5.74,15.2,,,,,,,,,,,NCU
臺北市,北投區,S42,鞍部,2023,5,5.7,18.3,,,,,,,,,,,NCU
臺北市,北投區,S42,鞍部,2023,4,6.24,32,,,,,,,,,,,NCU
臺北市,北投區,S42,鞍部,2023,3,6.61,36.1,,,,,,,,,,,NCU
臺北市,北投區,S42,鞍部,2023,2,6.43,88.3,,,,,,,,,,,NCU
臺北市,北投區,S42,鞍部,2023,1,5.78,43.2,,,,,,,,,,,NCU
彭佳嶼,彭佳嶼,S41,彭佳嶼,2023,6,6.41,14.7,,,,,,,,,,,NCU
彭佳嶼,彭佳嶼,S41,彭佳嶼,2023,5,6.08,58.7,,,,,,,,,,,NCU
彭佳嶼,彭佳嶼,S41,彭佳嶼,2023,4,6.16,33.4,,,,,,,,,,,NCU
彭佳嶼,彭佳嶼,S41,彭佳嶼,2023,3,6.24,58.6,,,,,,,,,,,NCU
彭佳嶼,彭佳嶼,S41,彭佳嶼,2023,2,6.36,84.1,,,,,,,,,,,NCU
彭佳嶼,彭佳嶼,S41,彭佳嶼,2023,1,5.18,80.6,,,,,,,,,,,NCU
雲林縣,麥寮鄉,S26,雲林,2023,6,6.62,34,,,,,,,,,,,NCU
雲林縣,麥寮鄉,S26,雲林,2023,5,6.13,19.2,,,,,,,,,,,NCU
雲林縣,麥寮鄉,S26,雲林,2023,4,6.77,45.8,,,,,,,,,,,NCU
雲林縣,麥寮鄉,S26,雲林,2023,3,6.89,87,,,,,,,,,,,NCU
雲林縣,麥寮鄉,S26,雲林,2023,2,6.55,26.7,,,,,,,,,,,NCU
雲林縣,麥寮鄉,S26,雲林,2023,1,7,40.7,,,,,,,,,,,NCU
新竹縣,竹東鎮,S25,新竹,2023,6,6.29,26.5,,,,,,,,,,,NCU
新竹縣,竹東鎮,S25,新竹,2023,5,6.19,39.8,,,,,,,,,,,NCU
新竹縣,竹東鎮,S25,新竹,2023,4,7.08,71,,,,,,,,,,,NCU
新竹縣,竹東鎮,S25,新竹,2023,2,5.86,22.9,,,,,,,,,,,NCU
新竹縣,竹東鎮,S25,新竹,2023,1,6.5,21.5,,,,,,,,,,,NCU
屏東縣,恆春鎮,S24,恆春,2023,6,6.01,12.8,,,,,,,,,,,NCU
屏東縣,恆春鎮,S24,恆春,2023,5,5.82,24,,,,,,,,,,,NCU
屏東縣,恆春鎮,S24,恆春,2023,4,4.69,46.9,,,,,,,,,,,NCU
屏東縣,恆春鎮,S24,恆春,2023,2,6.48,78.2,,,,,,,,,,,NCU
臺東縣,成功鎮,S23,成功,2023,6,6.18,18.4,,,,,,,,,,,NCU
臺東縣,成功鎮,S23,成功,2023,5,6.08,19.8,,,,,,,,,,,NCU
臺東縣,成功鎮,S23,成功,2023,4,6.33,86.3,,,,,,,,,,,NCU
臺東縣,成功鎮,S23,成功,2023,3,6.81,43.9,,,,,,,,,,,NCU
臺東縣,成功鎮,S23,成功,2023,2,6.37,29.8,,,,,,,,,,,NCU
臺東縣,成功鎮,S23,成功,2023,1,6.23,30.2,,,,,,,,,,,NCU
臺南縣,歸仁鄉,S22,臺南,2023,6,6.41,21,,,,,,,,,,,NCU
臺南縣,歸仁鄉,S22,臺南,2023,5,6.03,18.7,,,,,,,,,,,NCU
臺南縣,歸仁鄉,S22,臺南,2023,4,5.48,37.6,,,,,,,,,,,NCU
桃園市,中壢區,S21,中壢,2023,6,5.29,13.3,,,,,,,,,,,NCU
桃園市,中壢區,S21,中壢,2023,5,5.12,16.8,,,,,,,,,,,NCU
桃園市,中壢區,S21,中壢,2023,4,4.91,44.6,,,,,,,,,,,NCU
桃園市,中壢區,S21,中壢,2023,3,4.83,42.5,,,,,,,,,,,NCU
桃園市,中壢區,S21,中壢,2023,2,5.79,42,,,,,,,,,,,NCU
桃園市,中壢區,S21,中壢,2023,1,5.91,50,,,,,,,,,,,NCU
高雄市,鼓山區,S05,高雄,2023,6,6.13,19.6,,,,,,,,,,,NCU
高雄市,鼓山區,S05,高雄,2023,5,5.66,42.9,,,,,,,,,,,NCU
高雄市,鼓山區,S05,高雄,2023,4,6.88,100,,,,,,,,,,,
嘉義市,北湖里,S04,嘉義,2023,6,6.42,23.1,,,,,,,,,,,NCU
嘉義市,北湖里,S04,嘉義,2023,5,5.67,18.4,,,,,,,,,,,NCU
嘉義市,北湖里,S04,嘉義,2023,4,6.02,21.2,,,,,,,,,,,NCU
嘉義市,北湖里,S04,嘉義,2023,3,6.26,36.4,,,,,,,,,,,NCU
嘉義市,北湖里,S04,嘉義,2023,1,6.81,29.6,,,,,,,,,,,NCU
臺中市,西屯區,S03,臺中,2023,6,6.21,18.9,,,,,,,,,,,NCU
臺中市,西屯區,S03,臺中,2023,5,6.03,20.1,,,,,,,,,,,NCU
臺中市,西屯區,S03,臺中,2023,4,6.08,14.4,,,,,,,,,,,NCU
臺中市,西屯區,S03,臺中,2023,3,5.52,15.2,,,,,,,,,,,NCU
臺中市,西屯區,S03,臺中,2023,2,6.29,8.6,,,,,,,,,,,NCU
臺中市,西屯區,S03,臺中,2023,1,6.63,18.3,,,,,,,,,,,NCU
宜蘭縣,宜蘭市,S02,宜蘭,2023,6,5.81,17.4,,,,,,,,,,,NCU
宜蘭縣,宜蘭市,S02,宜蘭,2023,5,5.82,13.9,,,,,,,,,,,NCU
宜蘭縣,宜蘭市,S02,宜蘭,2023,4,6.2,25.4,,,,,,,,,,,NCU
宜蘭縣,宜蘭市,S02,宜蘭,2023,3,6.08,35.8,,,,,,,,,,,NCU
宜蘭縣,宜蘭市,S02,宜蘭,2023,2,6.87,62.7,,,,,,,,,,,NCU
宜蘭縣,宜蘭市,S02,宜蘭,2023,1,5.85,17.1,,,,,,,,,,,NCU
臺北市,中正區,S01,臺北,2023,6,5.93,16.1,,,,,,,,,,,NCU
臺北市,中正區,S01,臺北,2023,5,5.94,21.6,,,,,,,,,,,NCU
臺北市,中正區,S01,臺北,2023,4,6.1,50.1,,,,,,,,,,,NCU
臺北市,中正區,S01,臺北,2023,3,6.59,43.2,,,,,,,,,,,NCU
臺北市,中正區,S01,臺北,2023,2,6.7,30.2,,,,,,,,,,,NCU
臺北市,中正區,S01,臺北,2023,1,6.86,74,,,,,,,,,,,NCU
南投縣,魚池鄉,S43,日月潭,2022,12,6.17,6.8,11.5,15.9,5.9,0.7,22.8,11.7,3.1,3.3,9.2,9.4,NCU
南投縣,魚池鄉,S43,日月潭,2022,11,6.32,13.9,22.1,31.6,19.8,0.5,49.9,24.4,4.5,10.4,19.9,14.2,NCU
南投縣,魚池鄉,S43,日月潭,2022,10,6.22,14.6,27.3,24.1,28.0,0.7,11.2,34.6,8.3,23.5,42.6,12.3,NCU
南投縣,魚池鄉,S43,日月潭,2022,9,5.81,7.9,13.5,15.8,13.3,1.8,24.4,14.9,2.8,6.4,13.0,4.8,NCU
臺北市,北投區,S42,鞍部,2022,12,5.34,24.3,117.1,22.2,30.4,9.6,16.9,103.2,5.2,25.4,14.8,3.4,NCU
臺北市,北投區,S42,鞍部,2022,11,5.44,25.8,116.7,29.4,32.3,7.0,15.0,112.4,6.1,27.6,27.8,2.8,NCU
臺北市,北投區,S42,鞍部,2022,10,5.00,45.6,241.8,26.1,52.0,18.9,16.6,233.9,7.3,55.2,22.4,1.3,NCU
臺北市,北投區,S42,鞍部,2022,9,4.85,37.3,174.2,33.4,44.2,18.5,24.6,162.0,6.9,41.5,24.9,0.6,NCU
彭佳嶼,彭佳嶼,S41,彭佳嶼,2022,12,5.11,88.3,554.5,35.6,78.3,15.3,28.3,488.5,12.7,120.3,44.3,1.3,NCU
彭佳嶼,彭佳嶼,S41,彭佳嶼,2022,11,5.52,42.0,265.3,19.1,40.7,4.7,10.9,233.8,7.2,58.8,34.9,2.9,NCU
彭佳嶼,彭佳嶼,S41,彭佳嶼,2022,10,5.39,74.3,488.5,14.9,69.2,4.9,7.2,474.3,11.6,109.8,40.2,2.0,NCU
彭佳嶼,彭佳嶼,S41,彭佳嶼,2022,9,4.98,45.0,212.5,34.9,64.6,16.9,23.5,189.5,7.7,47.8,56.5,1.2,NCU
雲林縣,麥寮鄉,S26,雲林,2022,12,4.79,78.9,370.3,11.1,52.5,16.2,42.2,324.9,11.5,85.8,44.3,0.4,NCU
雲林縣,麥寮鄉,S26,雲林,2022,11,6.68,74.5,476.0,5.9,58.7,0.2,68.9,434.3,13.0,110.2,52.3,29.8,NCU
雲林縣,麥寮鄉,S26,雲林,2022,10,6.93,27.3,113.1,10.7,25.4,0.1,71.4,133.0,6.4,29.0,37.5,53.1,NCU
雲林縣,麥寮鄉,S26,雲林,2022,9,6.64,64.5,397.6,19.7,52.9,0.2,54.4,359.1,11.1,89.2,63.0,28.4,NCU
新竹縣,竹東鎮,S25,新竹,2022,11,5.02,39.9,38.0,80.0,63.8,45.1,74.4,31.4,4.8,12.9,38.8,3.1,NCU
新竹縣,竹東鎮,S25,新竹,2022,10,6.29,10.9,38.3,12.3,14.4,0.5,8.1,40.2,5.1,13.9,24.5,12.1,NCU
新竹縣,竹東鎮,S25,新竹,2022,9,5.57,28.8,76.3,38.7,72.3,6.8,60.4,76.7,8.2,27.6,75.2,4.6,NCU
屏東縣,恆春鎮,S24,恆春,2022,12,5.69,146.0,881.0,120.5,156.3,2.0,48.1,830.9,24.8,205.2,124.3,3.0,NCU
屏東縣,恆春鎮,S24,恆春,2022,11,6.06,14.4,71.4,10.4,16.2,0.9,6.8,72.3,4.5,19.3,14.4,7.7,NCU
屏東縣,恆春鎮,S24,恆春,2022,10,5.78,10.8,52.0,5.5,14.3,2.5,3.4,51.1,3.3,13.4,10.7,4.8,NCU
屏東縣,恆春鎮,S24,恆春,2022,9,5.85,30.8,139.8,31.0,43.1,1.6,25.9,121.9,37.7,44.8,26.7,4.9,NCU
臺東縣,成功鎮,S23,成功,2022,12,4.74,71.0,418.6,47.1,69.8,18.2,22.1,365.2,11.2,92.6,42.9,0.3,NCU
臺東縣,成功鎮,S23,成功,2022,11,6.22,18.5,90.1,15.3,17.8,0.7,16.9,88.0,5.7,23.8,34.8,12.1,NCU
臺東縣,成功鎮,S23,成功,2022,10,5.96,20.8,114.7,9.2,24.2,1.3,5.3,122.0,7.4,29.8,25.6,6.9,NCU
臺東縣,成功鎮,S23,成功,2022,9,5.51,26.2,121.4,33.5,32.6,5.1,23.0,117.4,6.8,33.7,39.3,2.7,NCU
臺南縣,歸仁鄉,S22,臺南,2022,12,6.70,14.1,23.3,15.2,14.9,0.2,47.4,19.8,1.8,6.0,27.3,31.2,NCU
臺南縣,歸仁鄉,S22,臺南,2022,11,6.88,27.3,60.4,34.6,31.0,0.1,118.4,54.7,5.1,14.0,30.5,47.2,NCU
臺南縣,歸仁鄉,S22,臺南,2022,10,7.13,32.9,51.9,38.7,26.6,0.1,117.9,54.0,7.4,20.8,93.0,83.1,NCU
臺南縣,歸仁鄉,S22,臺南,2022,9,6.07,33.3,104.6,65.3,56.8,1.4,103.3,101.1,7.0,32.0,41.4,12.3,NCU
臺南縣,歸仁鄉,S22,臺南,2022,8,6.11,15.1,24.9,32.4,23.5,1.5,72.1,23.5,3.7,8.2,14.4,12.0,NCU
臺南縣,歸仁鄉,S22,臺南,2022,7,6.03,14.1,23.7,26.9,28.4,2.0,52.5,25.6,3.2,13.0,14.2,10.4,NCU
臺南縣,歸仁鄉,S22,臺南,2022,6,6.14,9.9,23.4,14.5,17.8,0.8,30.1,22.9,2.1,8.2,9.6,9.5,NCU
臺南縣,歸仁鄉,S22,臺南,2022,5,6.21,8.1,10.9,10.3,12.7,0.7,26.4,10.8,1.5,4.8,8.3,10.6,NCU
臺南縣,歸仁鄉,S22,臺南,2022,3,6.46,24.2,42.1,43.2,31.1,0.5,104.7,39.1,6.1,13.8,44.9,26.2,NCU
桃園市,中壢區,S21,中壢,2022,12,5.88,30.4,159.8,26.4,41.7,3.3,35.5,135.3,6.4,35.3,31.6,8.8,NCU
桃園市,中壢區,S21,中壢,2022,11,6.07,17.0,38.2,14.8,19.7,1.4,22.2,35.3,2.7,11.4,34.8,14.8,NCU
桃園市,中壢區,S21,中壢,2022,10,6.14,84.5,407.1,49.5,99.5,2.2,37.0,394.0,10.8,95.7,236.8,86.0,NCU
桃園市,中壢區,S21,中壢,2022,9,4.84,50.4,279.3,31.3,49.8,20.4,25.1,241.5,7.4,57.7,22.6,0.6,NCU
高雄市,鼓山區,S05,高雄,2022,12,6.83,66.3,355.2,65.2,69.7,0.2,57.6,323.7,16.2,92.7,98.6,42.6,NCU
高雄市,鼓山區,S05,高雄,2022,11,6.70,27.5,116.3,18.3,21.9,0.2,63.4,115.5,6.2,29.2,17.6,31.2,NCU
高雄市,鼓山區,S05,高雄,2022,10,6.65,84.4,396.5,111.2,111.3,0.3,101.6,385.6,16.8,109.9,98.9,34.6,NCU
嘉義市,北湖里,S04,嘉義,2022,12,6.83,66.3,355.2,65.2,69.7,0.2,57.6,323.7,16.2,92.7,98.6,42.6,NCU
嘉義市,北湖里,S04,嘉義,2022,11,6.75,23.9,50.1,23.1,28.6,0.2,84.4,57.6,7.4,18.3,29.8,35.0,NCU
嘉義市,北湖里,S04,嘉義,2022,9,6.41,27.7,90.9,39.1,41.4,0.6,103.9,88.7,7.1,25.6,21.2,19.6,NCU
臺中市,西屯區,S03,臺中,2022,12,6.53,17.6,36.1,33.1,18.5,0.3,45.5,28.8,8.6,11.8,34.9,22.0,NCU
臺中市,西屯區,S03,臺中,2022,11,6.51,22.3,59.1,35.0,22.7,0.3,52.0,52.5,10.6,23.6,50.4,20.0,NCU
臺中市,西屯區,S03,臺中,2022,10,6.38,10.5,24.6,15.0,13.3,0.4,13.8,20.6,5.2,11.0,31.0,15.6,NCU
臺中市,西屯區,S03,臺中,2022,9,5.98,29.2,147.8,27.1,35.5,1.4,41.6,136.9,7.6,36.9,31.2,9.7,NCU
宜蘭縣,宜蘭市,S02,宜蘭,2022,12,5.54,30.9,101.4,18.7,27.1,6.3,23.3,89.6,4.7,21.8,15.8,4.0,NCU
宜蘭縣,宜蘭市,S02,宜蘭,2022,11,5.36,26.8,117.3,28.3,29.3,10.0,24.5,109.2,5.2,26.1,21.3,3.5,NCU
宜蘭縣,宜蘭市,S02,宜蘭,2022,10,5.19,34.8,176.0,20.0,38.7,11.7,17.1,169.4,6.4,40.6,19.7,1.6,NCU
宜蘭縣,宜蘭市,S02,宜蘭,2022,9,5.49,22.3,105.3,23.1,28.3,5.5,24.3,99.6,4.8,25.9,23.3,3.3,NCU
臺北市,中正區,S01,臺北,2022,12,6.21,31.8,127.6,41.4,42.0,1.5,52.8,109.9,6.9,29.5,63.8,19.0,NCU
臺北市,中正區,S01,臺北,2022,11,5.87,20.8,94.2,21.2,31.6,1.5,34.4,84.6,4.1,25.4,27.0,5.1,NCU
臺北市,中正區,S01,臺北,2022,10,5.45,83.8,468.4,50.2,104.7,11.6,35.0,463.1,13.3,112.9,114.4,7.5,NCU
臺北市,中正區,S01,臺北,2022,9,5.18,126.6,441.4,173.8,175.6,72.4,156.4,408.4,14.4,108.5,140.7,10.1,NCU
南投縣,魚池鄉,S43,日月潭,2022,8,6.17,11.6,17.9,23.6,13.6,0.8,40.9,20.3,4.8,7.3,17.2,11.6,NCU
南投縣,魚池鄉,S43,日月潭,2022,7,6.25,8.6,13.8,13.5,14.8,0.6,23.1,16.5,4.1,9.9,12.9,12.3,NCU
南投縣,魚池鄉,S43,日月潭,2022,6,6.19,8.6,12.8,12.2,12.8,0.8,30.8,14.1,3.4,8.3,13.4,11.8,NCU
南投縣,魚池鄉,S43,日月潭,2022,5,6.08,6.7,7.6,10.5,11.8,1.0,22.9,8.1,2.8,6.3,12.5,9.1,NCU
南投縣,魚池鄉,S43,日月潭,2022,2,5.96,8.0,11.4,13.9,11.2,1.2,10.6,11.6,3.8,6.0,20.7,6.1,NCU
臺北市,北投區,S42,鞍部,2022,8,5.04,15.0,17.5,32.9,25.5,13.2,28.6,17.1,4.1,5.2,18.1,1.0,NCU
臺北市,北投區,S42,鞍部,2022,7,5.54,12.1,26.7,22.6,18.8,4.8,27.1,27.2,4.4,8.1,10.9,4.8,NCU
臺北市,北投區,S42,鞍部,2022,6,5.48,8.4,15.8,16.9,13.2,5.3,20.7,16.5,3.4,6.0,7.8,3.3,NCU
臺北市,北投區,S42,鞍部,2022,5,5.73,8.1,22.5,10.9,10.9,2.7,12.0,21.9,4.7,7.2,12.7,4.7,NCU
彭佳嶼,彭佳嶼,S41,彭佳嶼,2022,8,5.06,17.8,57.8,26.4,25.7,9.5,25.0,55.8,3.4,16.9,13.3,0.8,NCU
彭佳嶼,彭佳嶼,S41,彭佳嶼,2022,7,5.50,17.8,82.3,20.2,19.0,3.5,5.5,81.5,5.4,18.5,21.0,2.1,NCU
彭佳嶼,彭佳嶼,S41,彭佳嶼,2022,6,5.63,14.6,69.8,12.4,13.5,3.5,13.2,66.2,4.0,15.7,10.6,4.4,NCU
彭佳嶼,彭佳嶼,S41,彭佳嶼,2022,5,5.56,23.5,133.7,16.1,23.5,3.7,12.3,120.6,4.8,31.5,18.3,2.9,NCU
雲林縣,麥寮鄉,S26,雲林,2022,8,6.13,14.6,19.0,27.8,28.6,2.2,69.6,19.7,3.6,6.8,16.2,14.4,NCU
雲林縣,麥寮鄉,S26,雲林,2022,7,6.49,14.0,30.9,23.1,22.9,0.3,44.8,33.6,4.2,12.5,19.1,20.2,NCU
雲林縣,麥寮鄉,S26,雲林,2022,6,6.33,7.8,21.9,10.0,8.4,0.5,29.7,22.3,2.4,6.8,12.3,13.8,NCU
雲林縣,麥寮鄉,S26,雲林,2022,5,6.43,10.8,23.1,9.9,15.9,0.4,45.8,21.0,3.9,5.9,9.6,18.6,NCU
新竹縣,竹東鎮,S25,新竹,2022,8,5.08,26.2,24.1,70.7,46.0,13.6,82.8,25.9,4.3,10.6,39.5,1.9,NCU
新竹縣,竹東鎮,S25,新竹,2022,7,5.46,17.4,27.3,44.1,31.1,5.7,56.2,30.1,4.0,11.2,21.1,4.0,NCU
新竹縣,竹東鎮,S25,新竹,2022,6,5.52,15.9,26.5,39.1,29.1,4.5,52.0,28.5,3.9,9.3,26.7,3.3,NCU
新竹縣,竹東鎮,S25,新竹,2022,5,5.30,12.1,14.6,22.5,21.2,7.1,27.5,14.1,2.2,4.9,16.7,1.7,NCU
屏東縣,恆春鎮,S24,恆春,2022,8,5.88,9.6,47.3,7.2,11.4,1.7,3.7,46.8,3.5,12.5,13.4,5.6,NCU
屏東縣,恆春鎮,S24,恆春,2022,7,5.83,15.2,72.4,15.0,17.6,2.2,13.7,64.1,12.6,16.8,14.5,7.0,NCU
屏東縣,恆春鎮,S24,恆春,2022,6,5.98,11.0,49.6,9.2,11.6,1.4,6.1,49.0,4.0,12.8,16.9,9.0,NCU
屏東縣,恆春鎮,S24,恆春,2022,5,6.00,8.7,34.1,8.2,8.7,1.1,6.9,33.0,4.7,9.3,13.6,6.6,NCU
屏東縣,恆春鎮,S24,恆春,2022,4,6.28,29.5,107.5,52.3,48.2,0.5,56.0,102.2,8.4,30.4,52.4,12.3,NCU
屏東縣,恆春鎮,S24,恆春,2022,3,6.07,28.1,109.2,31.0,44.7,1.0,24.6,101.5,25.9,33.3,35.7,8.8,NCU
屏東縣,恆春鎮,S24,恆春,2022,1,6.01,11.4,50.3,6.6,10.2,1.3,4.9,48.5,4.2,12.0,18.5,10.0,NCU
臺東縣,成功鎮,S23,成功,2022,8,5.69,9.9,47.1,3.7,10.4,2.0,5.8,47.2,6.0,11.6,8.7,3.1,NCU
臺東縣,成功鎮,S23,成功,2022,7,5.91,8.6,38.9,9.5,9.6,1.2,5.1,38.9,6.0,10.4,5.5,5.0,NCU
臺東縣,成功鎮,S23,成功,2022,6,6.13,13.5,64.6,10.6,15.7,0.8,14.3,63.4,6.5,15.9,11.3,9.3,NCU
臺東縣,成功鎮,S23,成功,2022,5,6.03,17.7,78.5,17.8,16.9,1.1,11.6,77.7,6.8,20.9,24.8,8.9,NCU
臺南縣,歸仁鄉,S18,臺南,2022,8,6.10,21.0,25.0,32.5,23.5,1.5,72.1,23.4,3.8,8.0,14.8,11.8,NCU
臺南縣,歸仁鄉,S19,臺南,2022,7,6.03,14.1,23.7,26.9,28.4,2.0,52.5,25.6,3.2,13.0,14.2,10.4,NCU
臺南縣,歸仁鄉,S20,臺南,2022,6,6.14,9.9,23.4,14.5,17.8,0.8,30.1,22.9,2.1,8.2,9.6,9.5,NCU
桃園市,中壢區,S21,中壢,2022,8,5.19,10.6,12.2,23.6,19.4,6.5,17.2,12.3,1.7,4.9,19.3,1.0,NCU
桃園市,中壢區,S21,中壢,2022,7,5.48,14.7,27.6,30.1,20.6,7.2,38.8,25.8,4.4,9.9,12.2,4.1,NCU
桃園市,中壢區,S21,中壢,2022,6,5.46,8.5,13.7,18.2,12.3,4.3,24.6,13.1,2.3,4.2,10.8,2.5,NCU
桃園市,中壢區,S21,中壢,2022,5,5.20,7.7,12.1,12.0,10.3,7.2,14.6,10.2,1.6,3.5,5.6,1.1,NCU
高雄市,鼓山區,S05,高雄,2022,8,5.87,19.6,80.3,24.0,32.7,1.4,25.5,75.6,4.5,22.4,29.5,4.9,NCU
高雄市,鼓山區,S05,高雄,2022,7,5.73,21.4,99.0,26.4,32.6,2.3,22.3,95.1,5.2,25.8,24.9,4.3,NCU
高雄市,鼓山區,S05,高雄,2022,6,5.74,19.1,101.1,16.7,23.7,2.3,13.3,99.2,4.4,25.6,13.9,4.8,NCU
高雄市,鼓山區,S05,高雄,2022,5,6.01,13.5,55.0,17.1,18.2,1.2,12.0,50.9,7.9,14.4,15.1,7.6,NCU
高雄市,鼓山區,S05,高雄,2022,3,5.50,11.9,28.5,19.6,13.9,6.8,15.7,24.3,2.7,7.9,17.4,4.2,NCU
嘉義市,北湖里,S04,嘉義,2022,8,6.44,19.5,25.3,44.4,30.7,0.5,100.4,30.6,6.1,10.5,21.2,20.3,NCU
嘉義市,北湖里,S04,嘉義,2022,7,6.55,26.5,43.2,56.3,38.2,0.4,112.7,55.6,11.1,20.6,33.6,28.6,NCU
嘉義市,北湖里,S04,嘉義,2022,6,6.29,14.2,29.9,21.0,20.5,0.7,52.2,31.8,4.8,11.4,19.7,16.0,NCU
嘉義市,北湖里,S04,嘉義,2022,5,6.05,7.1,9.9,9.5,12.8,1.9,22.1,11.0,3.3,5.0,7.5,9.1,NCU
臺中市,西屯區,S03,臺中,2022,8,6.00,13.8,14.3,36.4,25.0,1.5,56.0,12.5,9.9,8.1,21.4,8.8,NCU
臺中市,西屯區,S03,臺中,2022,7,6.34,10.7,17.9,18.0,15.3,0.8,51.8,16.8,4.7,4.2,9.9,23.2,NCU
臺中市,西屯區,S03,臺中,2022,6,6.02,7.5,12.6,11.9,10.0,1.5,30.2,11.3,2.2,2.9,6.9,10.0,NCU
臺中市,西屯區,S03,臺中,2022,5,6.26,14.4,39.2,19.2,14.2,0.9,42.7,20.5,22.1,7.8,28.7,19.5,NCU
宜蘭縣,宜蘭市,S02,宜蘭,2022,8,5.49,20.2,38.0,42.8,37.6,4.3,34.9,39.2,5.0,16.4,40.6,2.5,NCU
宜蘭縣,宜蘭市,S02,宜蘭,2022,7,5.35,8.5,13.5,18.4,12.5,4.5,19.7,13.3,2.3,3.8,7.2,1.4,NCU
宜蘭縣,宜蘭市,S02,宜蘭,2022,6,5.40,12.5,25.0,22.6,18.5,6.3,18.8,25.5,4.1,9.2,19.8,2.5,NCU
宜蘭縣,宜蘭市,S02,宜蘭,2022,5,5.69,7.3,18.3,9.7,10.0,2.7,12.3,16.9,2.9,5.2,8.1,3.8,NCU
臺北市,中正區,S01,臺北,2022,8,5.93,26.9,34.2,69.4,45.3,3.4,78.3,39.8,8.2,18.7,79.7,10.9,NCU
臺北市,中正區,S01,臺北,2022,7,6.08,43.4,63.0,112.3,86.7,3.9,110.1,83.6,7.8,34.8,131.1,20.3,NCU
臺北市,中正區,S01,臺北,2022,6,5.78,13.9,22.2,30.9,21.7,4.8,39.4,22.4,6.4,7.6,19.0,7.7,NCU
臺北市,中正區,S01,臺北,2022,5,5.89,16.4,35.9,31.6,29.1,2.0,36.8,31.9,4.1,14.9,58.7,8.6,NCU
南投縣,魚池鄉,S43,日月潭,2022,4,5.79,14.3,19.7,28.8,28.1,2.5,38.8,14.4,10.6,11.9,29.6,7.8,NCU
南投縣,魚池鄉,S43,日月潭,2022,3,5.97,23.8,12.9,18.6,73.3,3.5,31.3,21.6,6.5,45.9,76.5,29.9,NCU
南投縣,魚池鄉,S44,日月潭,2022,1,5.96,8,11.4,13.9,11.2,1.2,10.6,11.6,3.8,6,20.7,6.1,NCU
南投縣,魚池鄉,S43,日月潭,2022,1,6.04,9.5,14.0,15.9,12.8,1.0,14.5,14.9,4.1,8.1,22.2,7.5,NCU
臺北市,北投區,S42,鞍部,2022,4,5.19,34.2,155.0,34.7,51.0,12.0,30.2,135.4,7.1,36.2,39.9,2.0,NCU
臺北市,北投區,S42,鞍部,2022,3,5.48,25.2,69.8,53.8,41.5,5.1,68.2,57.1,8.0,18.3,29.1,3.6,NCU
臺北市,北投區,S42,鞍部,2022,2,5.50,26.0,131.5,19.6,33.7,4.8,23.5,119.2,6.9,29.3,18.4,2.8,NCU
臺北市,北投區,S42,鞍部,2022,1,5.38,41.6,209.9,53.7,50.9,10.9,38.8,171.4,11.1,42.4,44.8,3.6,NCU
彭佳嶼,彭佳嶼,S41,彭佳嶼,2022,4,5.30,48.8,264.1,24.1,52.6,16.8,16.2,232.8,7.3,59.4,36.8,3.6,NCU
彭佳嶼,彭佳嶼,S41,彭佳嶼,2022,3,5.65,50.0,309.3,28.8,53.2,3.0,27.6,265.5,9.2,71.2,49.9,3.8,NCU
彭佳嶼,彭佳嶼,S41,彭佳嶼,2022,2,5.43,74.9,498.2,14.4,60.0,4.6,11.5,444.7,11.9,110.0,35.4,2.1,NCU
彭佳嶼,彭佳嶼,S41,彭佳嶼,2022,1,5.26,93.8,630.1,25.7,79.9,7.3,19.4,550.5,15.4,132.3,51.4,1.6,NCU
雲林縣,麥寮鄉,S26,雲林,2022,3,6.30,21.8,51.7,22.9,45.3,0.7,95.4,46.7,4.7,13.1,19.4,18.8,NCU
雲林縣,麥寮鄉,S26,雲林,2022,2,6.79,62.0,366.3,19.4,60.8,0.2,105.5,318.6,14.6,83.2,55.5,40.4,NCU
雲林縣,麥寮鄉,S26,雲林,2022,1,6.59,35.3,161.9,17.3,35.0,0.3,83.1,130.8,5.8,35.4,40.9,26.8,NCU
新竹縣,竹東鎮,S25,新竹,2022,4,5.05,39.1,65.2,52.4,73.8,18.2,63.1,50.9,9.9,18.7,79.7,2.4,NCU
新竹縣,竹東鎮,S25,新竹,2022,2,5.25,10.4,12.4,12.5,22.6,6.8,16.8,12.3,1.6,4.0,19.2,1.3,NCU
新竹縣,竹東鎮,S25,新竹,2022,1,5.20,12.1,12.6,19.2,22.9,7.0,22.1,10.1,1.7,3.7,30.1,1.2,NCU
雲林縣,麥寮鄉,S26,雲林,2022,4,6.90,48.7,135.8,50.5,71.5,0.1,169.7,111.9,10.2,36.4,100.6,54.4,NCU
新竹縣,竹東鎮,S25,新竹,2022,3,5.22,9.0,7.7,10.6,16.1,8.5,14.3,6.3,1.8,2.3,12.2,1.5,NCU
屏東縣,恆春鎮,S24,恆春,2022,2,6.40,19.5,87.1,10.8,18.9,0.9,9.5,79.6,4.4,19.3,38.8,35.2,NCU
臺東縣,成功鎮,S23,成功,2022,4,5.57,39.9,215.7,31.4,41.7,10.8,19.3,191.5,8.5,47.2,29.8,6.4,NCU
臺東縣,成功鎮,S23,成功,2022,2,5.93,38.4,236.8,15.6,31.9,1.5,10.8,216.3,9.7,53.8,30.5,6.9,NCU
臺東縣,成功鎮,S23,成功,2022,1,5.85,41.1,223.4,30.2,40.0,5.9,15.0,192.9,9.2,53.0,60.1,12.5,NCU
臺南縣,歸仁鄉,S22,臺南,2022,4,6.72,15.6,17.9,21.4,14.2,0.2,61.9,16.3,4.0,4.7,32.7,36.6,NCU
臺東縣,成功鎮,S23,成功,2022,3,5.87,27.5,118.2,33.5,34.7,1.8,30.5,108.1,8.4,30.5,39.1,6.2,NCU
臺南縣,歸仁鄉,S22,臺南,2022,2,6.34,13.2,17.0,21.5,15.1,0.5,59.2,15.1,2.4,3.8,15.1,17.0,NCU
臺南縣,歸仁鄉,S22,臺南,2022,1,6.54,10.6,11.3,14.4,13.8,0.3,63.1,9.6,2.1,2.8,12.9,21.7,NCU
桃園市,中壢區,S21,中壢,2022,4,4.76,26.5,79.5,33.7,40.0,19.3,42.5,64.3,4.7,17.4,19.4,0.4,NCU
桃園市,中壢區,S21,中壢,2022,3,4.77,20.7,36.8,25.8,30.9,19.7,39.6,31.9,3.6,8.4,9.4,0.5,NCU
桃園市,中壢區,S21,中壢,2022,2,5.18,20.3,82.5,15.1,23.8,9.1,24.4,72.8,3.5,17.3,7.5,1.3,NCU
桃園市,中壢區,S21,中壢,2022,1,5.32,25.3,78.3,34.1,34.8,12.9,40.1,65.5,4.4,21.0,18.0,2.4,NCU
高雄市,鼓山區,S05,高雄,2022,4,5.5,11.9,28.5,19.6,13.9,6.8,15.7,24.3,2.7,7.9,17.4,4.2,NCU
高雄市,鼓山區,S05,高雄,2022,2,5.88,26.0,145.3,24.8,26.5,1.4,28.9,122.5,5.6,34.2,25.4,5.0,NCU
高雄市,鼓山區,S05,高雄,2022,1,6.46,23.6,95.4,23.9,24.9,0.4,40.9,89.5,4.9,26.0,33.4,20.1,NCU
嘉義市,北湖里,S04,嘉義,2022,4,6.13,10.7,23.4,14.4,15.3,0.8,28.9,22.1,5.5,7.5,12.5,9.0,NCU
嘉義市,北湖里,S04,嘉義,2022,3,6.26,26.1,37.9,37.5,64.0,1.3,107.5,42.9,8.5,22.4,39.0,18.5,NCU
嘉義市,北湖里,S04,嘉義,2022,2,5.86,15.5,23.8,16.3,45.4,2.0,54.2,26.2,4.5,7.9,13.0,6.1,NCU
嘉義市,北湖里,S04,嘉義,2022,1,6.60,15.5,23.7,17.6,20.6,0.3,68.8,25.8,4.9,10.1,18.0,25.5,NCU
臺中市,西屯區,S03,臺中,2022,4,6.31,27.5,45.6,40.5,47.9,1.0,89.4,43.2,23.2,14.5,52.2,21.1,NCU
臺中市,西屯區,S03,臺中,2022,3,5.96,14.3,21.9,22.1,27.7,2.5,49.5,20.4,5.9,6.6,26.6,10.1,NCU
臺中市,西屯區,S03,臺中,2022,2,6.21,10.5,18.9,13.0,11.7,0.7,29.8,17.7,4.9,4.9,19.5,11.7,NCU
臺中市,西屯區,S03,臺中,2022,1,6.27,11.4,22.5,15.5,11.6,0.6,28.0,21.7,5.5,6.5,23.0,12.5,NCU
宜蘭縣,宜蘭市,S02,宜蘭,2022,4,5.46,36.4,153.8,45.9,49.6,9.0,43.7,139.0,10.6,37.3,48.2,4.0,NCU
宜蘭縣,宜蘭市,S02,宜蘭,2022,3,5.43,15.5,28.2,27.1,25.2,7.2,45.0,24.4,4.3,7.3,12.8,2.7,NCU
宜蘭縣,宜蘭市,S02,宜蘭,2022,2,5.77,22.9,99.8,22.9,33.6,2.8,34.1,91.3,5.5,23.6,22.7,5.3,NCU
宜蘭縣,宜蘭市,S02,宜蘭,2022,1,5.49,22.4,91.5,21.3,29.6,7.8,27.7,78.6,4.8,20.0,19.1,3.9,NCU
臺北市,中正區,S01,臺北,2022,4,5.88,61.2,200.6,133.6,109.3,2.8,138.1,176.5,12.2,51.2,126.5,9.2,NCU
臺北市,中正區,S01,臺北,2022,3,5.65,12.2,20.4,17.5,19.8,3.5,34.4,17.4,3.9,5.5,18.2,4.7,NCU
臺北市,中正區,S01,臺北,2022,2,5.95,14.0,54.7,14.9,16.9,1.3,29.1,47.7,4.2,10.3,13.0,6.6,NCU
臺北市,中正區,S01,臺北,2022,1,5.87,13.8,46.9,20.0,16.2,2.3,28.8,38.8,8.6,8.8,21.1,7.1,NCU
南投縣,魚池鄉,S43,日月潭,2020,12,5.83,2.15,1.41,3.86,1.55,1.48,2.6,1.71,0.99,,10.62,4.22,NCU
南投縣,魚池鄉,S43,日月潭,2020,11,6.57,16.5,14.4,38.41,40.25,0.27,35.36,20.22,5.18,25.71,81.52,23.12,NCU
南投縣,魚池鄉,S43,日月潭,2020,9,5.32,8.11,4.66,17.99,10.79,5.23,30.57,4.82,1.7,2.27,14.29,1.42,NCU
南投縣,魚池鄉,S43,日月潭,2020,8,5.64,7.48,5.27,15.8,13.42,3.85,27.27,6.77,1.65,11.96,16.77,4.08,NCU
南投縣,魚池鄉,S43,日月潭,2020,7,6.1,6.22,4.77,11.02,7.82,1.06,36,5.73,1.1,2.5,10.68,9.75,NCU
南投縣,魚池鄉,S43,日月潭,2020,6,5.97,7.75,7.16,15.64,11.65,1.47,33.31,8.88,1.49,7.9,12.89,8.24,NCU
南投縣,魚池鄉,S43,日月潭,2020,5,5.79,8.73,5.02,19.38,17.27,2.42,53,6.07,1.63,6.28,18.21,6.2,NCU
南投縣,魚池鄉,S43,日月潭,2020,4,5.48,12.11,6.57,24.48,22.86,6.12,46.51,5.9,2.63,2.2,40.42,3.86,NCU
南投縣,魚池鄉,S43,日月潭,2020,3,5.95,15.65,10.26,31.77,35.1,1.43,60.98,12.46,6.27,21.87,51.64,6.89,NCU
南投縣,魚池鄉,S43,日月潭,2020,1,6.2,6.23,6.09,7.46,13.1,0.64,12.67,12.33,3.27,3.37,15.62,9.78,NCU
臺北市,北投區,S42,鞍部,2020,12,5.49,26.28,140.47,16.09,27.48,5.36,13.95,131.83,4.43,33.25,27.93,3.77,NCU
臺北市,北投區,S42,鞍部,2020,11,5.64,50.01,247.05,38.37,64.49,9.55,32.31,228.86,8.45,57.04,91.99,14.42,NCU
臺北市,北投區,S42,鞍部,2020,10,4.77,55.28,293.88,42.57,59.51,21.77,29.48,290.39,8.3,68.96,33.94,0.53,NCU
臺北市,北投區,S42,鞍部,2020,9,5.1,14.96,43.67,21.28,23.35,10.57,20.75,43.6,2.34,15.13,18.18,1.03,NCU
臺北市,北投區,S42,鞍部,2020,8,5.43,7.95,21.89,9.51,12.45,5.52,8.36,23.53,1.4,7.58,14.67,2.57,NCU
臺北市,北投區,S42,鞍部,2020,7,5.11,17.53,14,36.9,30.34,17.48,32.51,14.38,1.89,9.13,23.57,1.92,NCU
臺北市,北投區,S42,鞍部,2020,6,5.43,10.47,10.65,20.32,19.9,6.57,37.47,10.69,1.65,3.21,15.06,2.93,NCU
臺北市,北投區,S42,鞍部,2020,5,5.54,7.15,7.23,15.24,13.54,3.47,20.35,8.7,2.1,2.98,19.5,2.91,NCU
臺北市,北投區,S42,鞍部,2020,4,5.07,23.9,32.89,52.06,44.66,14.15,72.12,34,4.63,10.68,49.5,1.32,NCU
臺北市,北投區,S42,鞍部,2020,3,5.67,25.99,83.99,35.26,42.68,6.26,56.04,87.9,6.77,19.03,37.06,5.52,NCU
臺北市,北投區,S42,鞍部,2020,2,5.66,39.29,191.46,33.25,57.61,3.32,53.3,186.42,6.6,41.86,44.55,4.25,NCU
臺北市,北投區,S42,鞍部,2020,1,5.62,22.41,97.62,23.31,31.87,4.17,26.65,95.27,5.17,21.74,29.43,4.38,NCU
基隆市,中正區,S41,彭佳嶼,2020,12,5.45,77.66,482.53,23.16,68.41,6.02,30.84,454.76,11.4,113.54,51.15,2.16,NCU
基隆市,中正區,S41,彭佳嶼,2020,11,5.88,56.55,360.4,26.82,56.56,1.39,15.88,333.64,8.12,84.94,57.13,4.97,NCU
基隆市,中正區,S41,彭佳嶼,2020,10,5.38,57.7,376.57,21.75,50.07,4.7,9.44,355.21,7.64,88.39,43.75,1.64,NCU
基隆市,中正區,S41,彭佳嶼,2020,9,5.44,23.14,92.08,23.28,25.99,11.89,26.95,88.68,2.77,23.77,35.11,4.07,NCU
基隆市,中正區,S41,彭佳嶼,2020,8,5.83,25.06,139.99,18.69,27.38,5.74,8.8,142.11,1.97,36.3,47.71,9.37,NCU
基隆市,中正區,S41,彭佳嶼,2020,7,5.95,23.63,125,19.24,22.67,1.67,11.94,134.91,3.45,31.63,40.27,8.42,NCU
基隆市,中正區,S41,彭佳嶼,2020,6,5.76,12.37,57.04,10.58,11.08,2.3,4.29,60.48,2.03,14.89,29.72,4.46,NCU
基隆市,中正區,S41,彭佳嶼,2020,5,5.45,24.52,115.97,33.98,33.33,5.97,35.95,125.25,5.37,35.24,33.45,2.91,NCU
基隆市,中正區,S41,彭佳嶼,2020,4,5.77,47.9,278.81,45.7,59.52,1.7,29.5,313.6,8.96,91.8,123.23,3.66,NCU
基隆市,中正區,S41,彭佳嶼,2020,3,5.58,45.8,258.3,28.96,53.27,4.39,38.03,259,5.42,59.46,51.34,4.2,NCU
基隆市,中正區,S41,彭佳嶼,2020,2,5.06,58.82,364.4,21.57,59.41,9.16,23.33,349.32,6.94,78.89,32.71,0.75,NCU
基隆市,中正區,S41,彭佳嶼,2020,1,5.09,30.87,123.86,25.81,48.9,12.32,33.22,125.05,3.7,29.19,23.97,1.2,NCU
雲林縣,麥寮鄉,S26,雲林,2020,12,6.78,41.67,202.6,16.5,44.34,0.18,77.57,189.09,7.11,48.8,70.45,39.43,NCU
雲林縣,麥寮鄉,S26,雲林,2020,11,7.06,82.3,430.06,29.59,81.57,0.09,130.58,391.39,11.01,101.64,132.83,73.6,NCU
雲林縣,麥寮鄉,S26,雲林,2020,8,5.9,6.35,12.68,10.24,7.54,1.94,20.59,13.57,1.12,3.46,13.07,6.77,NCU
雲林縣,麥寮鄉,S26,雲林,2020,7,6.43,12.1,23.34,18.21,13.71,0.61,51.82,24.84,1.21,5.72,31.85,23.89,NCU
雲林縣,麥寮鄉,S26,雲林,2020,6,6.13,3.91,8.37,3.87,3.63,0.74,7.82,9.85,0.96,,16.49,8.4,NCU
雲林縣,麥寮鄉,S26,雲林,2020,5,5.83,5.87,5.34,7.94,7.19,2.32,20.57,5.88,1.25,,15.37,6.12,NCU
雲林縣,麥寮鄉,S26,雲林,2020,4,5.73,6.32,6.81,4.52,7.2,1.86,46.96,6.22,1.66,0.91,9.63,3.34,NCU
雲林縣,麥寮鄉,S26,雲林,2020,3,6.61,32.9,89.36,34.36,53.96,0.25,123.77,101.47,6.26,25.55,61.28,25.9,NCU
雲林縣,麥寮鄉,S26,雲林,2020,2,6.82,9.78,16.53,2.81,6.6,0.15,23.56,12.78,1.2,5.68,46.11,33.7,NCU
雲林縣,麥寮鄉,S26,雲林,2020,1,6.6,10.44,36.89,4.13,12.45,0.25,31.93,32.39,1.07,5.02,23.15,24.77,NCU
新竹縣,橫山鄉,S25,新竹,2020,12,5.13,17.06,11.74,20.15,46.15,12.95,17.25,13.56,1.68,7.35,73.95,2.08,NCU
新竹縣,橫山鄉,S25,新竹,2020,11,4.96,26.6,32.14,7.24,83.22,10.96,32.61,28.67,3.73,13.88,123.15,0.57,NCU
新竹縣,橫山鄉,S25,新竹,2020,10,5.27,14.4,12.69,19.68,28.43,5.7,37.63,10.97,2.5,5.3,60.85,1.2,NCU
新竹縣,橫山鄉,S25,新竹,2020,9,4.64,23.26,22.73,42.44,36.11,25.03,42.98,26.95,1.85,8.01,39.7,0.29,NCU
新竹縣,橫山鄉,S25,新竹,2020,8,4.97,16.51,10.86,29.67,30.18,15.69,46.12,11.44,2.11,4.83,29.68,1.48,NCU
新竹縣,橫山鄉,S25,新竹,2020,7,5.52,10.55,10.16,20.63,18.87,4.52,41.71,10.35,1.57,3.21,17.58,3.09,NCU
新竹縣,橫山鄉,S25,新竹,2020,6,5.95,17.9,25.63,31.34,33.72,2.23,52.24,35.72,2.76,14.07,63.82,8.58,NCU
新竹縣,橫山鄉,S25,新竹,2020,5,5.06,18.53,11.9,36.1,32.96,14.77,45.86,12.28,1.83,7.03,32.04,3.64,NCU
新竹縣,橫山鄉,S25,新竹,2020,4,4.69,25.12,17.33,44.12,48.43,25.67,64.6,13.06,4.09,5.81,44.71,0.47,NCU
新竹縣,橫山鄉,S25,新竹,2020,3,4.73,38.73,31.41,81.57,71.17,26.95,117.6,24.5,5.92,11.4,80.9,0.61,NCU
新竹縣,橫山鄉,S25,新竹,2020,2,5.29,33.18,60.67,67.93,69.51,6.91,103.17,55.86,3.4,16.67,87.41,1.63,NCU
新竹縣,橫山鄉,S25,新竹,2020,1,6.23,47,66.65,109.94,96.1,0.86,92.2,68.82,7.74,24.26,230.06,14.69,NCU
屏東縣,恆春鎮,S24,恆春,2020,11,6.17,18.68,101.24,10.6,20.9,0.71,12.87,97.87,3.36,29.92,36.63,9.61,NCU
屏東縣,恆春鎮,S24,恆春,2020,10,5.89,29.91,174.65,13.82,27.47,1.63,15.56,130.44,54.09,35.09,33.07,6.1,NCU
屏東縣,恆春鎮,S24,恆春,2020,9,5.51,19.07,45.39,37.08,30.23,6.94,37.86,46.03,8.76,14.54,45.48,7.4,NCU
屏東縣,恆春鎮,S24,恆春,2020,8,5.36,11.12,45.15,7.85,12.94,7.05,7.23,46.52,4.76,11.87,13.98,2.06,NCU
屏東縣,恆春鎮,S24,恆春,2020,7,5.97,22.56,125.97,6.63,11.2,1.5,7.94,50.99,112.81,18.37,37.16,13.1,NCU
屏東縣,恆春鎮,S24,恆春,2020,6,5.95,15.41,67.33,10.61,14.73,1.58,11.82,70.4,3.73,18.71,38.6,10.25,NCU
屏東縣,恆春鎮,S24,恆春,2020,5,5.48,11.25,41.92,11.31,12.29,4.01,11.48,46.11,5.69,10.11,21.58,2.5,NCU
屏東縣,恆春鎮,S24,恆春,2020,4,5.77,21.5,57.39,18.09,23.77,10.28,36.84,58.76,39.95,12.3,55.21,22.18,NCU
屏東縣,恆春鎮,S24,恆春,2020,3,6.03,16.98,75.32,16.99,28.37,1,20.57,85.16,1.78,22.03,36.61,7.07,NCU
屏東縣,恆春鎮,S24,恆春,2020,2,5.68,27.33,123.21,13.62,35.37,5.03,20.43,124.61,5.19,31.64,46.43,12.16,NCU
屏東縣,恆春鎮,S24,恆春,2020,1,5.88,14.77,62.13,12.13,21.61,2.17,25.07,58.78,2.78,16.13,22.67,7.92,NCU
臺東縣,成功鎮,S23,成功,2020,12,6.42,47.99,249.57,23.47,36.69,0.76,21.29,254.15,9.3,70.99,128.26,28.74,NCU
臺東縣,成功鎮,S23,成功,2020,11,5.67,16.89,89.97,9.78,17.41,3.85,7.63,84.17,4.55,23.15,27.56,4.88,NCU
臺東縣,成功鎮,S23,成功,2020,10,5.65,45.74,267.43,27.49,50.38,5.53,21.47,256.21,8.2,62.59,59.23,6.34,NCU
臺東縣,成功鎮,S23,成功,2020,8,5.82,13.65,74.34,7.39,14.27,1.83,6.39,78.89,2.15,21.44,26.86,5,NCU
臺東縣,成功鎮,S23,成功,2020,7,5.93,9.91,40.7,9.99,9.64,1.44,5.69,42.99,1.93,15,25.9,6.37,NCU
臺東縣,成功鎮,S23,成功,2020,6,5.99,15.38,85.07,6.01,13.63,1.07,6.21,89.17,1.71,20.16,22.9,6.45,NCU
臺東縣,成功鎮,S23,成功,2020,5,5.67,18.73,69.76,24.3,22.63,4.88,27.35,71.24,7.1,26.59,37.14,5.04,NCU
臺東縣,成功鎮,S23,成功,2020,4,5.43,48.02,231.39,45.33,59.99,7.89,35.52,238.41,9.6,59.7,74.31,3.3,NCU
臺東縣,成功鎮,S23,成功,2020,3,5.69,28.63,125.49,23.3,37.51,3.54,28.49,135.67,5.03,33.97,51.07,4.23,NCU
臺東縣,成功鎮,S23,成功,2020,2,5.79,41.38,210.16,27.38,58.89,3.69,29.99,213.04,5.32,51.99,68.21,6.97,NCU
臺東縣,成功鎮,S23,成功,2020,1,5.86,41.89,199.27,41.49,60.62,2.09,31.91,202.76,6.45,48.78,86.11,6.58,NCU
臺南市,歸仁區,S22,臺南,2020,11,6.73,17.33,22.71,30.42,19.62,0.22,96.92,21.77,2.41,6.59,37.2,38.65,NCU
臺南市,歸仁區,S22,臺南,2020,9,5.08,16.41,16.01,36.22,31.75,12.57,57.01,16.32,1.64,7.59,19.32,1.55,NCU
臺南市,歸仁區,S22,臺南,2020,8,6.07,11.85,23.23,21.54,21.42,1.69,48.23,26.24,1.41,12.93,17.17,9.95,NCU
臺南市,歸仁區,S22,臺南,2020,7,5.8,11.02,28.76,12.89,20.02,2.25,31.01,31.42,1.49,12.84,14.19,6.39,NCU
臺南市,歸仁區,S22,臺南,2020,6,6.45,20.57,47.82,20.66,45.64,0.4,74.22,55.27,1.71,19.26,41.97,19.72,NCU
臺南市,歸仁區,S22,臺南,2020,5,5.97,12.53,13.82,25.84,26.64,1.66,56.8,17.1,2.02,9.46,26.85,10.56,NCU
臺南市,歸仁區,S22,臺南,2020,4,4.79,16.3,6.45,19.8,23.9,16.22,63.31,5.13,2.56,1.56,12.43,0.38,NCU
臺南市,歸仁區,S22,臺南,2020,2,6.79,20.43,38.08,16.38,22.38,0.16,83.46,42.04,4.77,8.23,44.74,35.38,NCU
桃園市,中壢區,S21,中壢,2020,12,5.2,36.13,154.45,28.78,54.27,10.52,53.82,142.28,4.76,37.59,27.73,1.79,NCU
桃園市,中壢區,S21,中壢,2020,11,4.85,74.03,375.58,58.28,97.14,21.16,65.74,350.98,12.14,88.65,52.47,0.58,NCU
桃園市,中壢區,S21,中壢,2020,10,5.48,69.47,318.57,81.29,101.31,10,118.6,305.61,9.37,80.3,57.25,3.85,NCU
桃園市,中壢區,S21,中壢,2020,9,4.56,26.25,51.35,38.63,33.54,30.15,37.26,49.53,2.49,15.15,19.87,0.25,NCU
桃園市,中壢區,S21,中壢,2020,8,5.06,19.23,22.22,35.87,25.04,21.73,39.43,24.83,1.87,7.72,22.03,1.98,NCU
桃園市,中壢區,S21,中壢,2020,7,5.81,28.43,33.02,93.43,48.97,2.15,125.07,37.15,3.04,9.75,64.95,5.46,NCU
桃園市,中壢區,S21,中壢,2020,6,5.4,9.5,13.23,16.63,12.96,4.75,33.37,13.95,2.03,2.51,10.72,1.89,NCU
桃園市,中壢區,S21,中壢,2020,5,4.95,11.88,10.03,20.16,18.96,12.61,28.46,9.18,1.75,3.03,13.16,0.63,NCU
桃園市,中壢區,S21,中壢,2020,4,4.77,38.68,81.43,59.81,60.68,29.45,91.59,89.39,6.44,27.21,43.88,1.93,NCU
桃園市,中壢區,S21,中壢,2020,3,4.59,30.63,33.41,48.84,49.81,29.6,86.08,31.57,4.95,10.42,20.26,0.29,NCU
桃園市,中壢區,S21,中壢,2020,2,5.15,32.88,104.11,45.44,59.75,11.5,88.59,100.24,3.05,24.63,25.34,1.34,NCU
桃園市,中壢區,S21,中壢,2020,1,4.61,69.41,307.95,76.86,81,32.01,56.41,308.32,9.04,67.6,55.84,0.35,NCU
高雄市,鼓山區,S05,高雄,2020,12,6.67,19.6,51.18,25.27,21.28,0.21,89.64,49.02,2.63,15.01,38.72,29.11,NCU
高雄市,鼓山區,S05,高雄,2020,11,5.88,12.8,67.03,4.46,17.57,1.32,16.39,61.67,2.28,17.7,19.86,4.72,NCU
高雄市,鼓山區,S05,高雄,2020,10,6.07,24.58,83.96,29.25,45.78,1.18,75.32,75.75,2.86,24.62,40.62,10.13,NCU
高雄市,鼓山區,S05,高雄,2020,9,5.79,25.3,70.78,52.56,44.34,3.96,62.94,65.12,3.08,19.62,69.12,7.18,NCU
高雄市,鼓山區,S05,高雄,2020,8,5.35,18.22,70.12,18.08,20.99,10.33,21.82,72.44,1.74,22.84,20.93,3.17,NCU
高雄市,鼓山區,S05,高雄,2020,7,5.85,15.57,51.93,20.37,24.24,2.21,34.81,52.3,1.3,17.66,35.99,7.54,NCU
高雄市,鼓山區,S05,高雄,2020,6,5.76,16.14,77,11.46,16.85,2.35,11.23,80.92,3.42,17.66,34.78,4.93,NCU
高雄市,鼓山區,S05,高雄,2020,5,5.3,19.94,62.58,23.17,22.73,8.7,19.81,65.72,2.49,20.13,30.21,1.95,NCU
高雄市,鼓山區,S05,高雄,2020,4,5.08,6.55,2.61,4.39,3.91,8.32,13.25,2.17,1.15,0.58,9.78,0.75,NCU
高雄市,鼓山區,S05,高雄,2020,3,5.84,14.8,58.93,10.98,27.46,1.45,39.31,63.48,3.07,16.87,31.54,4.31,NCU
高雄市,鼓山區,S05,高雄,2020,2,6.07,57.85,260.41,62.35,71.42,0.86,57.56,269.43,13.75,65.71,124.17,7.38,NCU
高雄市,鼓山區,S05,高雄,2020,1,6.67,17.35,31.14,18.55,26.07,0.21,64.58,27.78,1.15,7.24,59.88,29.11,NCU
嘉義市,北湖里,S04,嘉義,2020,12,6.49,17.66,18.21,23.07,43.84,0.47,90.13,18.57,4.22,10.12,51.94,25.54,NCU
嘉義市,北湖里,S04,嘉義,2020,11,6.84,26.9,70.63,26.97,39.04,0.15,110.51,67.07,5.9,24.98,47.84,43.43,NCU
嘉義市,北湖里,S04,嘉義,2020,10,6.71,22.6,34.04,40.41,37.64,0.19,46.17,38.76,4.25,13.64,114.71,31.92,NCU
嘉義市,北湖里,S04,嘉義,2020,9,5.27,14.81,13.92,41.41,27.75,5.44,66.15,11.59,3.89,8.01,24.68,1.15,NCU
嘉義市,北湖里,S04,嘉義,2020,8,6.38,16.37,20.05,35.56,23.89,0.63,87.42,24.94,3.09,10.72,26.83,19.97,NCU
嘉義市,北湖里,S04,嘉義,2020,7,6.36,9.59,16.24,14.82,13,0.44,42.01,18.4,1.34,7.82,20.85,14.54,NCU
嘉義市,北湖里,S04,嘉義,2020,6,6.27,8.51,12.36,11.67,10.16,0.59,46.07,14.27,1.23,3.46,10.99,13.11,NCU
嘉義市,北湖里,S04,嘉義,2020,5,6.03,8.81,9.08,15.95,14.94,1.32,32.62,10.48,1.65,8.21,29.38,9,NCU
嘉義市,北湖里,S04,嘉義,2020,4,5.22,11.42,6.19,16.29,22.8,6.03,52,7,2.99,5.6,29.44,1.03,NCU
嘉義市,北湖里,S04,嘉義,2020,3,6.22,16.64,19.47,25.66,34.15,0.74,94.23,22.2,4.21,6.97,28.39,12.31,NCU
嘉義市,北湖里,S04,嘉義,2020,2,6.99,33,70.72,31.08,46.6,0.1,51.43,70.2,9.15,25.98,171.66,60.81,NCU
嘉義市,北湖里,S04,嘉義,2020,1,6.65,12.94,14.52,18.39,17.34,0.22,74.62,16.83,1.71,3.95,14.57,27.8,NCU
臺中市,西屯區,S03,臺中,2020,12,6.57,10.65,9.17,13.89,5.38,0.41,18.75,8.04,2.79,2.92,84.67,44.15,NCU
臺中市,西屯區,S03,臺中,2020,11,7.08,28.8,65.66,26.79,25.17,0.08,82.35,64.15,28.98,32.67,107.87,74.82,NCU
臺中市,西屯區,S03,臺中,2020,10,6.83,49.7,162.97,70.89,70.93,0.15,52.02,101.87,64.52,92.85,156.52,42.07,NCU
臺中市,西屯區,S03,臺中,2020,9,6.3,17.61,23.46,47.62,27.43,0.53,64.74,22.31,5.79,9.25,74.04,13.58,NCU
臺中市,西屯區,S03,臺中,2020,8,6.25,14.55,19.86,32.78,27.67,0.64,74.92,21,4.63,9.31,26.94,12.65,NCU
臺中市,西屯區,S03,臺中,2020,7,6.53,12.56,23.95,14.84,10.44,0.3,63.7,24.14,5.06,4.48,18.56,21.55,NCU
臺中市,西屯區,S03,臺中,2020,6,6.47,11.53,15.83,27.71,16.36,0.36,66.05,16.83,1.54,3.83,19.62,18.89,NCU
臺中市,西屯區,S03,臺中,2020,5,6.05,8.75,9.86,16.51,15.13,1.23,39.01,11.01,2,2.47,22.26,8.56,NCU
臺中市,西屯區,S03,臺中,2020,4,4.81,24.34,18.38,39.21,37.44,16.9,85.45,16,6.11,7.23,58.08,0.44,NCU
臺中市,西屯區,S03,臺中,2020,2,6.54,23.21,48.87,35.06,41.94,0.29,87.98,46.41,3.33,12.89,56.5,20.58,NCU
宜蘭縣,宜蘭市,S02,宜蘭,2020,12,5.78,28.94,134.78,19.24,28.63,7.06,23.71,127.43,4.22,32.54,55.05,14.8,NCU
宜蘭縣,宜蘭市,S02,宜蘭,2020,11,5.44,47.4,235.52,35.58,59.36,9.38,38.4,217.46,6.97,56.06,72.27,9.24,NCU
宜蘭縣,宜蘭市,S02,宜蘭,2020,10,5.12,39.05,195.34,29.81,43.87,12.98,25.86,191.21,5.6,49.85,34.36,2.34,NCU
宜蘭縣,宜蘭市,S02,宜蘭,2020,9,5.43,13.02,21.47,25.4,17.91,9.11,25.48,20.38,5.01,9.29,31.59,4.09,NCU
宜蘭縣,宜蘭市,S02,宜蘭,2020,8,5.81,9.32,25.97,9.17,14.07,4.62,10.77,27.68,1.28,8.01,25.89,7.82,NCU
宜蘭縣,宜蘭市,S02,宜蘭,2020,7,5.7,7.87,12.39,18.76,9.62,2.15,13.75,12.65,1.93,2.47,32.47,3.29,NCU
宜蘭縣,宜蘭市,S02,宜蘭,2020,6,5.12,8.12,5.44,14.5,8.69,7.72,8.41,11.19,4.68,,16.87,0.85,NCU
宜蘭縣,宜蘭市,S02,宜蘭,2020,5,5.37,8.34,10.98,11.96,10.23,6.45,12.91,12.47,1.71,5.16,17.42,2.63,NCU
宜蘭縣,宜蘭市,S02,宜蘭,2020,4,5.26,32.59,88.1,53.17,51.62,10.48,92.33,86.35,11.93,25.93,60.91,3.47,NCU
宜蘭縣,宜蘭市,S02,宜蘭,2020,3,5.84,21.48,57.38,31.97,33.76,2.58,68.12,63.82,3.49,15.99,41.22,7.27,NCU
宜蘭縣,宜蘭市,S02,宜蘭,2020,2,6.12,43.86,175.72,44.85,69.19,1.22,81.86,177.92,7.78,42.25,80.64,14.14,NCU
宜蘭縣,宜蘭市,S02,宜蘭,2020,1,5.23,28.92,93.02,31.41,45.45,16.08,33.36,94.79,5.76,23.43,38.56,4.2,NCU
臺北市,中正區,S01,臺北,2020,12,6.02,38.73,188.15,29.29,43.71,4.51,36.9,170.03,6.55,43.12,79.78,21.63,NCU
臺北市,中正區,S01,臺北,2020,11,6.48,46.23,193.14,33.78,62.69,2.26,46.49,170.76,8.34,46.64,147.5,58.75,NCU
臺北市,中正區,S01,臺北,2020,10,6.09,52.18,303.91,33.94,58.19,1.89,46.48,301.37,9.48,69.85,72.96,13.62,NCU
臺北市,中正區,S01,臺北,2020,9,5.24,21.65,33.99,51.51,37.16,11.91,63.81,33.58,3.05,12.06,43.3,2.74,NCU
臺北市,中正區,S01,臺北,2020,8,5.14,16.48,12.4,40.32,26.92,13.36,44.64,12.8,1.37,5.62,34.91,2.92,NCU
臺北市,中正區,S01,臺北,2020,7,5.63,12.23,13.69,30.17,19.31,3.43,53.64,12.1,3.38,2.67,23.2,3.73,NCU
臺北市,中正區,S01,臺北,2020,6,5.67,13.71,20.73,30.1,22.4,4.35,54.22,17.05,8.4,5.29,25.65,5.21,NCU
臺北市,中正區,S01,臺北,2020,5,5.54,7.94,7.67,15.93,12.94,4.14,24.76,9.04,2.53,4.32,15.26,3.35,NCU
臺北市,中正區,S01,臺北,2020,4,5.51,15.16,23.33,33.44,31.91,3.4,65.39,22.2,3.67,6.87,35.89,2.19,NCU
臺北市,中正區,S01,臺北,2020,3,5.32,17.7,20.56,34.33,30.71,8.38,63.21,19.7,3.97,6.53,34.18,3.62,NCU
臺北市,中正區,S01,臺北,2020,2,5.55,29.48,49.11,60.76,52.9,12.83,92.39,49.96,4.83,13.52,41.4,3.79,NCU
臺北市,中正區,S01,臺北,2020,1,5.94,24.86,47.42,45.92,46.66,3.74,95.78,41.28,4.1,10.39,43.41,10.26,NCU
南投縣,魚池鄉,S43,日月潭,2019,12,5.97,3.5,2.7,5.2,3.2,1.3,3.3,3.8,1.4,2.7,13.4,5.9,NCU
南投縣,魚池鄉,S43,日月潭,2019,10,6.24,4.9,7.5,4.8,5.2,0.6,5.4,7.7,0.5,3.8,30.8,8.9,NCU
南投縣,魚池鄉,S43,日月潭,2019,9,6.09,15.9,7.9,28.4,43.7,1.9,39.3,11.2,2.2,22.2,51.6,14.1,NCU
南投縣,魚池鄉,S43,日月潭,2019,8,5.7,10.1,6.9,15.7,17.7,3.4,32.8,6.5,1.9,2.3,15.9,4.8,NCU
南投縣,魚池鄉,S43,日月潭,2019,7,5.94,10.1,8.2,17.6,16.5,1.5,36.4,7.2,2.3,3.1,18,5.7,NCU
南投縣,魚池鄉,S43,日月潭,2019,6,6,5.9,4.7,9,7.9,1.5,17.9,4.6,1.7,4.5,24.1,6.9,NCU
南投縣,魚池鄉,S43,日月潭,2019,5,6.06,15,7.6,31.3,31.5,1.5,39.9,7.6,1.7,7.8,38.2,8.7,NCU
南投縣,魚池鄉,S43,日月潭,2019,4,5.51,25.8,20.7,57.2,56.9,3.1,87.3,16.4,5,16.1,38.3,1.7,NCU
南投縣,魚池鄉,S43,日月潭,2019,3,5.47,19.1,13.3,41.3,37.2,6.3,64.3,12.3,3.7,8.7,35.2,2.6,NCU
南投縣,魚池鄉,S43,日月潭,2019,1,6.07,7.3,4,15.4,9,0.9,16.6,2.4,1.8,3.5,16.5,6,NCU
臺北市,北投區,S42,鞍部,2019,12,5.21,53.1,265.8,37.5,55.1,18.7,26.6,264.7,10.5,53.6,46.1,4.4,NCU
臺北市,北投區,S42,鞍部,2019,11,5.02,89.2,437.2,88.2,113.6,22.1,62.4,416.6,16,95.2,118.5,5.5,NCU
臺北市,北投區,S42,鞍部,2019,10,5.71,66.1,356,59.6,87.7,8.8,38.5,347.1,16.9,76.9,91.4,7.9,NCU
臺北市,北投區,S42,鞍部,2019,9,5.25,35.8,157.8,30.4,50.4,17.2,16.5,152,5.7,35.1,48.2,3.6,NCU
臺北市,北投區,S42,鞍部,2019,8,5.73,16.6,51.9,14.7,26.8,4.4,12.8,48.7,4.6,11.5,43.4,6.8,NCU
臺北市,北投區,S42,鞍部,2019,7,5.8,13.1,28.5,15.6,26.4,5.1,22.7,25.6,0.9,4.7,24.3,5,NCU
臺北市,北投區,S42,鞍部,2019,6,6,8.9,15.4,12.6,14,1.5,18.3,12.3,2.6,4.3,39.3,9.4,NCU
臺北市,北投區,S42,鞍部,2019,5,6.28,10.7,10.1,10.4,18,1.3,15.8,7.7,3,3.8,38.3,16.9,NCU
臺北市,北投區,S42,鞍部,2019,4,5.03,41.8,117.8,55,75.9,17.6,69.9,112.7,9,28.3,46.7,1.3,NCU
臺北市,北投區,S42,鞍部,2019,3,5.13,39.7,122.8,59.7,68.9,12.1,72.9,118.3,9.7,33.9,53.5,1.9,NCU
臺北市,北投區,S42,鞍部,2019,2,5.61,36.9,158.2,34.1,50.5,4,37.9,144.8,15.6,35.9,42.2,3.6,NCU
臺北市,北投區,S42,鞍部,2019,1,5.5,18.6,68.7,18.8,27.3,7.6,20.2,59,4,17.7,21.6,2.9,NCU
基隆市,中正區,S41,彭佳嶼,2019,12,5.52,44.5,301.9,10.4,41.7,4.1,9.5,268.4,6,63.3,31.4,2.8,NCU
基隆市,中正區,S41,彭佳嶼,2019,11,5.33,107.1,670.8,28.9,128.3,21.6,5.5,609.1,11.1,130.2,100.8,5,NCU
基隆市,中正區,S41,彭佳嶼,2019,9,5.36,47.5,284.1,28.3,59.5,6.2,11.4,262.8,9,64.8,58.8,1.8,NCU
基隆市,中正區,S41,彭佳嶼,2019,8,5.2,9.6,26.3,13.2,15.6,7,7.4,22.8,1.3,6,16.5,0.9,NCU
基隆市,中正區,S41,彭佳嶼,2019,7,5.85,24.3,101.3,18.5,25.9,3.2,7.7,94.4,2.5,19.1,57.8,8.3,NCU
基隆市,中正區,S41,彭佳嶼,2019,6,5.59,15.2,79.2,10.3,15.9,3.9,6.5,71.3,2.2,16.4,22,2.8,NCU
基隆市,中正區,S41,彭佳嶼,2019,5,6.06,44.9,210.7,27.7,64,4.1,17.3,184.4,5.5,41.8,100.1,15.9,NCU
基隆市,中正區,S41,彭佳嶼,2019,4,5,58.5,277.2,48.9,74.7,12.8,55.7,256,9.2,59.1,57.2,0.6,NCU
基隆市,中正區,S41,彭佳嶼,2019,3,5.5,52.3,242.4,54,73.8,4.3,62.8,219.9,7.9,53.8,70.4,2,NCU
基隆市,中正區,S41,彭佳嶼,2019,2,4.91,58,295.9,37.9,72.2,13.7,51.7,272.3,8.1,64.4,43.6,0.5,NCU
基隆市,中正區,S41,彭佳嶼,2019,1,5.1,59.4,376.4,19.5,61.2,11,12.1,323.3,7.7,77.8,45.2,1.5,NCU
雲林縣,麥寮鄉,S26,雲林,2019,12,6.57,25.6,129.6,7.6,34,0.3,40.1,118.7,4.2,26.8,49,20.3,NCU
雲林縣,麥寮鄉,S26,雲林,2019,9,7,31.3,33.4,70.1,37.5,0.1,101.9,35.6,4.2,12.7,109.3,51,NCU
雲林縣,麥寮鄉,S26,雲林,2019,8,5.98,14.7,34.7,19.3,22.4,1.5,31.8,35.8,1.1,7.4,33.1,7.1,NCU
雲林縣,麥寮鄉,S26,雲林,2019,7,6.35,16.5,44.5,15.7,23,0.6,37.9,41.2,1.9,9.2,34.1,16.5,NCU
雲林縣,麥寮鄉,S26,雲林,2019,6,5.93,4.4,5.6,6,6.5,1.5,10.5,4.9,0.9,3.3,18,5.6,NCU
雲林縣,麥寮鄉,S26,雲林,2019,5,6.82,32.8,30.5,43.1,44.2,0.3,63.7,26.7,2.6,9.5,125.6,63,NCU
雲林縣,麥寮鄉,S26,雲林,2019,4,5.97,46.1,156,93.4,62.3,1.1,145.2,143.4,8.1,40.5,60.5,4.8,NCU
雲林縣,麥寮鄉,S26,雲林,2019,3,6.2,22.4,43.6,23.4,45.1,0.8,88,38.8,4.4,12,26.2,11.7,NCU
雲林縣,麥寮鄉,S26,雲林,2019,2,6.31,30,124.3,21.1,49.7,0.5,67,113.3,4.4,27.2,33.4,10.4,NCU
雲林縣,麥寮鄉,S26,雲林,2019,1,6.93,61.4,310.1,30.3,64.6,0.1,78.3,253.2,6.7,63.9,79.5,45.1,NCU
新竹縣,橫山鄉,S25,新竹,2019,12,5.59,30.9,61.4,47.1,73.4,2.7,70.1,61.2,5.3,22.4,117.5,2.1,NCU
新竹縣,橫山鄉,S25,新竹,2019,10,6.1,50.2,70.2,145.8,144.3,0.9,109.3,70.9,4.1,27.4,227.3,7.5,NCU
新竹縣,橫山鄉,S25,新竹,2019,9,4.89,50.6,136.4,76.5,87.5,31.8,59.6,124.8,5.5,38.4,81.6,1.6,NCU
新竹縣,橫山鄉,S25,新竹,2019,8,5.52,15.4,18.9,25.8,22.5,9.6,24,18.9,1.4,4.1,41.1,5.2,NCU
新竹縣,橫山鄉,S25,新竹,2019,7,5.68,18.8,18.1,38.1,38,3.8,50.2,15.3,1.2,6.4,48.2,4.6,NCU
新竹縣,橫山鄉,S25,新竹,2019,6,5.08,9.1,3.9,12.2,13.3,11.8,8.8,3.5,1.2,4,20.2,1.1,NCU
新竹縣,橫山鄉,S25,新竹,2019,5,5.7,23.1,9.9,41.2,50.8,14.9,44.9,8,2,7.4,55.2,9.5,NCU
新竹縣,橫山鄉,S25,新竹,2019,4,4.71,46.2,61.5,92.3,98.9,29,99.2,61,3.5,18.9,55.9,0.4,NCU
新竹縣,橫山鄉,S25,新竹,2019,3,4.64,23.4,14.4,30.6,50.5,23.5,50.7,10,3,10.6,35.7,0.2,NCU
新竹縣,橫山鄉,S25,新竹,2019,2,4.66,63.3,109.3,153.8,124.8,22.2,193,103.7,5,34.1,78.7,0.2,NCU
新竹縣,橫山鄉,S25,新竹,2019,1,5.33,17.1,14.6,32.3,28,12.4,36.4,12,1.9,9.8,35.8,2.9,NCU
屏東縣,恆春鎮,S24,恆春,2019,12,6.59,50,294.3,17.2,64.8,0.3,15.5,272.2,8.2,74.3,85.5,19.8,NCU
屏東縣,恆春鎮,S24,恆春,2019,11,5.86,33,188.3,13.1,45.7,1.5,8.8,192.1,6.1,52,58.9,3.9,NCU
屏東縣,恆春鎮,S24,恆春,2019,10,4.99,18,41.4,19.5,23.3,18.8,16,37.2,1.1,9.4,22.8,0.9,NCU
屏東縣,恆春鎮,S24,恆春,2019,9,5.53,8.5,27.1,10.4,13.6,3.8,8.5,22.4,3.6,5.5,18.8,2.1,NCU
屏東縣,恆春鎮,S24,恆春,2019,8,5.62,9.5,36.4,6.1,12,3.2,5.9,33.6,2.2,7.2,18.8,3,NCU
屏東縣,恆春鎮,S24,恆春,2019,7,5.83,15.3,69.5,7.3,17.8,3.1,5.4,59.1,7.6,13.4,24.8,5.7,NCU
屏東縣,恆春鎮,S24,恆春,2019,6,6.24,10.2,30.9,7.9,12.8,0.8,4.6,29.7,1.7,6.5,35.8,10.8,NCU
屏東縣,恆春鎮,S24,恆春,2019,5,5.98,17.8,32.1,43.2,30.2,3,25.4,30.1,4.2,15.1,81.6,14.9,NCU
屏東縣,恆春鎮,S24,恆春,2019,4,5.64,17.7,32.1,24.5,38.8,2.3,49.6,29.7,3,15.5,35.1,2.2,NCU
屏東縣,恆春鎮,S24,恆春,2019,3,5.85,9.4,26.4,4.7,11.4,1.4,11.9,5,21.8,7.9,16.7,3.6,NCU
屏東縣,恆春鎮,S24,恆春,2019,2,6.27,33.6,166.9,20.4,32,0.9,24.4,166.5,6.1,49.4,45.4,14.8,NCU
屏東縣,恆春鎮,S24,恆春,2019,1,6.3,27.9,141,14.6,28.7,0.6,9.8,138.4,5,36.8,35.9,11.5,NCU
臺東縣,成功鎮,S23,成功,2019,12,6.13,37.1,237.2,12.1,35.1,0.8,8,241.9,5.4,51.2,51.8,7.1,NCU
臺東縣,成功鎮,S23,成功,2019,11,5.17,56.8,311.6,36.7,73.5,8.5,24.4,301.8,11.2,70,69.3,0.9,NCU
臺東縣,成功鎮,S23,成功,2019,10,6.07,46.3,215,46.8,74.2,1.5,37.3,220.8,23.8,49.5,88.3,9.1,NCU
臺東縣,成功鎮,S23,成功,2019,9,5.85,36.7,188.2,27,43.2,8.4,12.8,168.8,4.4,39.3,60,7.2,NCU
臺東縣,成功鎮,S23,成功,2019,8,6.21,30,177.9,14.6,32,0.7,8,153.5,4.9,34.7,48.6,9.2,NCU
臺東縣,成功鎮,S23,成功,2019,7,6.53,57.1,302.3,11,53.4,0.6,35.1,275.3,15.6,63.5,80.7,23.7,NCU
臺東縣,成功鎮,S23,成功,2019,6,6.54,28.6,87.2,33.5,28,0.3,11.1,85.8,6.7,21.6,111.6,23.8,NCU
臺東縣,成功鎮,S23,成功,2019,5,6.33,22.8,63.4,19.1,27.6,1.5,17,50.4,2.6,13.6,56.3,26.8,NCU
臺東縣,成功鎮,S23,成功,2019,4,5.54,32.6,122.1,32,44,10,26.5,107.8,22.9,33.1,42,4.9,NCU
臺東縣,成功鎮,S23,成功,2019,3,5.44,45.9,169.6,64.8,79.7,4.2,62.6,154.4,8.9,42.2,79.2,1.6,NCU
臺東縣,成功鎮,S23,成功,2019,2,5.76,77.3,428.3,49.6,86.9,8,32.2,384.3,19.8,99.3,84.2,10.9,NCU
臺東縣,成功鎮,S23,成功,2019,1,5.31,34.7,164.6,32.2,44.9,5.8,19.6,139.9,6.3,38.2,57.2,1.4,NCU
臺南市,歸仁區,S22,臺南,2019,10,6.95,59.4,233.4,40,61.4,0.1,75.9,255.5,25.9,53.5,155.2,45.5,NCU
臺南市,歸仁區,S22,臺南,2019,9,5.71,24.9,41.5,57.8,45.8,6,75.4,43.1,7.4,9.5,36.6,6.3,NCU
臺南市,歸仁區,S22,臺南,2019,8,5.87,11,21.2,15,19.1,2.2,28.3,17.7,1.1,3.7,10,7.1,NCU
臺南市,歸仁區,S22,臺南,2019,7,6.08,15.9,50.3,13.1,27.9,1.1,30.3,48.4,3.8,8.5,14.4,8.3,NCU
臺南市,歸仁區,S22,臺南,2019,6,6.23,9.5,16.1,8.4,13.5,0.8,24,16.7,5.6,4.4,19.7,12,NCU
臺南市,歸仁區,S22,臺南,2019,5,5.91,16.4,16.5,26.7,34.7,1.9,59.4,13.6,2.3,6.4,17.1,5.6,NCU
臺南市,歸仁區,S22,臺南,2019,4,6.32,13.9,18,16.9,18.5,0.6,33.5,19.4,13,8.7,26.4,12.8,NCU
臺南市,歸仁區,S22,臺南,2019,3,6.07,20.3,17.7,31.8,45.5,1,92,14.7,3.7,9.7,21.9,7.3,NCU
臺南市,歸仁區,S22,臺南,2019,1,7.33,44.8,42.7,43.5,61.9,0,181.3,44,4.8,25,130.1,108.7,NCU
桃園市,中壢區,S21,中壢,2019,12,5.18,31.8,131.8,35.5,49.6,8.3,37.2,130,4.2,35.2,45.3,1,NCU
桃園市,中壢區,S21,中壢,2019,11,5.12,26.2,106,20,59,7.6,28.7,93.5,2.1,31.2,61.2,0.7,NCU
桃園市,中壢區,S21,中壢,2019,10,5.39,39.2,184,40.2,52.8,5.6,21.8,173.4,5.2,43.7,68.3,1.8,NCU
桃園市,中壢區,S21,中壢,2019,9,5.53,58.1,286.8,52.9,80,14.3,28.4,257.3,7.1,57.6,119.9,18.8,NCU
桃園市,中壢區,S21,中壢,2019,8,5.09,24,35.7,51,41.2,17,47.5,31.1,2.5,9.7,35,1.6,NCU
桃園市,中壢區,S21,中壢,2019,7,5.86,17,41.9,25.1,28.7,1.9,37.3,39,2.5,10.3,43.1,6.5,NCU
桃園市,中壢區,S21,中壢,2019,6,4.97,9.4,7.2,13.1,12.2,11.7,12.6,6.8,1.2,3.7,10.8,0.5,NCU
桃園市,中壢區,S21,中壢,2019,5,4.88,26.2,20.5,41.5,45.1,28.7,43.6,17.9,2.6,10,25.9,2.2,NCU
桃園市,中壢區,S21,中壢,2019,4,4.52,31.4,41.7,54.5,45,35.7,54.8,39.2,3.5,14.1,21.4,0.2,NCU
桃園市,中壢區,S21,中壢,2019,3,4.74,45.6,78.4,75.9,92,29.7,116.7,65.9,6.6,23.4,42.8,0.7,NCU
桃園市,中壢區,S21,中壢,2019,2,4.35,120.6,371.7,222,225.9,45.2,274.6,371,14.9,91.2,80.3,0.1,NCU
桃園市,中壢區,S21,中壢,2019,1,4.66,64,254.9,63.8,97.2,35,79.1,216.3,7.6,56.4,36.8,0.4,NCU
高雄市,鼓山區,S05,高雄,2019,11,7.28,48.7,68.9,69.2,60.1,0.1,138.2,60.6,6.1,21,212.5,97.2,NCU
高雄市,鼓山區,S05,高雄,2019,10,5.45,67,339.7,77.3,95.2,10.1,91,317,9.5,72.9,66.1,4,NCU
高雄市,鼓山區,S05,高雄,2019,9,5.07,37.5,105.3,45.2,63.7,26.5,43,80.1,11,28.5,71.9,5.3,NCU
高雄市,鼓山區,S05,高雄,2019,8,5.47,26.2,113.3,20.1,36.2,5.3,17.8,97.9,2.8,21.8,43.4,2.6,NCU
高雄市,鼓山區,S05,高雄,2019,7,5.63,19.6,86.6,12.8,28.1,4,15.6,79.5,1.8,18.2,29.2,3.5,NCU
高雄市,鼓山區,S05,高雄,2019,6,5.84,10,27,9.7,14.6,3.7,7.6,25.4,1.3,7.1,31.3,7.6,NCU
高雄市,鼓山區,S05,高雄,2019,5,5.24,28.2,42.4,47.4,52,18.4,41.8,37.1,2.6,13.6,49,3.1,NCU
高雄市,鼓山區,S05,高雄,2019,4,5.54,19.3,67.7,13.6,22.7,2.9,27.3,67.6,3.2,21.3,28.7,1.8,NCU
高雄市,鼓山區,S05,高雄,2019,3,5.25,28.1,82.6,36.5,46.9,10.3,45.3,73,4.3,24.9,40.9,1.9,NCU
高雄市,鼓山區,S05,高雄,2019,2,6.59,29.6,69.9,37.6,42.4,0.3,94.5,56.8,5.6,19.6,62.1,23.8,NCU
高雄市,鼓山區,S05,高雄,2019,1,6.62,94.1,131.7,229.1,165.5,0.2,386,103.9,7,36.5,108.3,21.3,NCU
嘉義市,北湖里,S04,嘉義,2019,12,6.24,9.3,7.1,9.7,25.7,0.7,44.5,8.1,2.4,2.4,17.1,10.2,NCU
嘉義市,北湖里,S04,嘉義,2019,10,6.74,39.3,114,62.6,68.3,0.2,121.2,117.2,6.6,33,92.7,28.5,NCU
嘉義市,北湖里,S04,嘉義,2019,9,5.48,23.6,16.5,57.1,49,15,90,17.8,3,4.5,20.8,4.2,NCU
嘉義市,北湖里,S04,嘉義,2019,8,6.3,22.4,39,29.7,37.6,0.9,82.9,39,3,13.8,27.1,17,NCU
嘉義市,北湖里,S04,嘉義,2019,7,6.06,7.3,16.1,6.6,10.3,1.1,13.6,15.2,1.4,4.6,19,6.9,NCU
嘉義市,北湖里,S04,嘉義,2019,6,5.7,9.6,11.8,15.8,19.7,3.1,23.4,15.2,2.2,9.2,23.1,5.3,NCU
嘉義市,北湖里,S04,嘉義,2019,5,5.77,19.9,18.4,40.9,43,4.9,68.9,17.4,5.6,11,34.7,8.4,NCU
嘉義市,北湖里,S04,嘉義,2019,4,6.13,24.3,29.1,41.8,56.4,1.2,89.4,34.2,8.6,17.5,35.1,10.5,NCU
嘉義市,北湖里,S04,嘉義,2019,3,6.26,21.2,28,38,41.5,0.6,79.7,27.5,4.6,15.1,41.5,10.4,NCU
嘉義市,北湖里,S04,嘉義,2019,2,6.16,12.1,31.9,12.6,21.3,0.7,25.5,24.2,3,10.4,25.3,7.4,NCU
嘉義市,北湖里,S04,嘉義,2019,1,6.83,28.4,30.1,33.4,49.7,0.2,115.3,25.9,5.8,14.9,60.6,34.6,NCU
臺中市,西屯區,S03,臺中,2019,12,6.12,8,16.3,7.6,11,0.9,9.1,14.3,5.5,9,18.7,8.1,NCU
臺中市,西屯區,S03,臺中,2019,10,6.22,57.9,339.4,19.8,65.4,0.6,18.4,314.6,16.8,89.3,87.2,8.5,NCU
臺中市,西屯區,S03,臺中,2019,9,5.2,35.7,34,79.2,74.4,31.2,77.7,32.9,7.4,10,46.7,3.9,NCU
臺中市,西屯區,S03,臺中,2019,8,6.05,15.1,32.2,20.1,25.2,1.5,37.5,26.2,1.3,6.4,21.9,8.3,NCU
臺中市,西屯區,S03,臺中,2019,7,6.53,23.3,40,36.3,39.8,0.3,99,36.7,3.6,8.1,27.9,18.8,NCU
臺中市,西屯區,S03,臺中,2019,6,5.96,6.8,8.8,10.9,11.1,1.3,14.4,7.5,1.5,3,23.2,5.2,NCU
臺中市,西屯區,S03,臺中,2019,5,6.1,24.1,14.3,35.2,40.9,9.9,49.2,11.6,4.4,6.7,64.1,25.3,NCU
臺中市,西屯區,S03,臺中,2019,4,5.94,32.4,33.3,62.1,60.2,7.5,85.3,29.6,13.6,13.9,75.6,20.4,NCU
臺中市,西屯區,S03,臺中,2019,3,6.49,24.9,20.1,44.5,51.9,0.4,79.8,15.8,5.5,15.9,66.3,18.3,NCU
臺中市,西屯區,S03,臺中,2019,2,6.1,19.8,52.8,32.7,34.1,0.9,52,44.7,10.6,16.1,34.7,7,NCU
臺中市,西屯區,S03,臺中,2019,1,6.42,11.4,18.2,16.4,15.7,0.4,40,15.2,7.3,7,22.2,13.7,NCU
宜蘭縣,宜蘭市,S02,宜蘭,2019,12,5.53,37.9,185.7,30.3,46.2,11.6,27.4,175.2,5.6,39,36.3,4,NCU
宜蘭縣,宜蘭市,S02,宜蘭,2019,11,5.37,53.4,270.4,43.9,79,10.8,49.7,251.7,7.5,60.3,75.8,3.1,NCU
宜蘭縣,宜蘭市,S02,宜蘭,2019,10,4.86,38.1,117.8,46.1,63,23.5,45.8,109.5,4.9,28.4,47.5,1.1,NCU
宜蘭縣,宜蘭市,S02,宜蘭,2019,9,5.99,12.2,38.4,8,17.3,4.1,9.7,37.8,1.2,10.5,33.6,10.1,NCU
宜蘭縣,宜蘭市,S02,宜蘭,2019,8,6.14,18.9,47.2,32.5,23.5,1.2,22,45.2,3.6,11.5,70.2,10.9,NCU
宜蘭縣,宜蘭市,S02,宜蘭,2019,7,6.11,13.1,48.7,10.8,15.2,1.5,11.6,38.8,2.4,6.3,23.7,8.8,NCU
宜蘭縣,宜蘭市,S02,宜蘭,2019,6,5.93,7.7,9.1,15.4,11.3,1.3,9.8,9.2,1.6,4.8,39.3,4.7,NCU
宜蘭縣,宜蘭市,S02,宜蘭,2019,5,6.44,29.8,95.3,26.8,42,0.6,21.9,86.7,3.8,22,90.9,22.9,NCU
宜蘭縣,宜蘭市,S02,宜蘭,2019,4,5.33,51.7,202.4,60.4,74.4,11,73.8,189.8,6.7,46.3,73.3,5.9,NCU
宜蘭縣,宜蘭市,S02,宜蘭,2019,3,5.24,27.3,59.6,41.5,53.7,10.8,69.1,47.4,17.6,16.8,30.2,1.9,NCU
宜蘭縣,宜蘭市,S02,宜蘭,2019,2,5.47,27.7,55.4,47.6,48.8,11.5,56.2,50.6,3.9,18.1,45.2,3.4,NCU
宜蘭縣,宜蘭市,S02,宜蘭,2019,1,4.85,34.7,106,38.9,47.8,28.4,39.1,90.2,4.5,25.9,25.8,0.6,NCU
臺北市,中正區,S01,臺北,2019,12,5.8,10.8,43.3,7.6,15.1,2.6,19.3,40.2,1.7,11.1,16.1,4.6,NCU
臺北市,中正區,S01,臺北,2019,11,5.94,77.2,451.3,46.2,103.8,2.2,69.2,431.1,9.6,93.2,98.5,8.3,NCU
臺北市,中正區,S01,臺北,2019,10,4.2,115,324.6,176.5,238.6,63.1,172,330.2,12.6,79.4,125.8,0.1,NCU
臺北市,中正區,S01,臺北,2019,9,5.08,43.2,206.9,40.7,59.4,15.1,32.5,193.7,6.7,43.6,48.3,1.3,NCU
臺北市,中正區,S01,臺北,2019,8,5.69,13.6,16.2,20.1,21.8,5.3,27.6,15.5,1.1,4,34.4,8.6,NCU
臺北市,中正區,S01,臺北,2019,7,5.65,18.5,19.4,38.1,31.2,4.5,58.9,20.2,1.3,5.7,32.3,5.3,NCU
臺北市,中正區,S01,臺北,2019,6,5.66,9.3,10.6,19.9,15.9,3.8,31.6,9.5,5.3,3.3,16.8,3.3,NCU
臺北市,中正區,S01,臺北,2019,5,5.88,10.5,7.3,18.5,24.3,3.6,26.9,5.7,1.3,3.9,26,7.2,NCU
臺北市,中正區,S01,臺北,2019,4,5.15,30.2,47.2,49.9,55.5,12,79.5,37.4,13.7,16.9,30.9,1.3,NCU
臺北市,中正區,S01,臺北,2019,3,5.41,23.9,53.1,35.2,46.6,7.4,58,44.2,17.4,18.8,29.3,3.3,NCU
臺北市,中正區,S01,臺北,2019,2,5.73,26.3,46.4,61.6,59.6,2.9,105.5,41.7,5.8,18.1,38.1,4,NCU
臺北市,中正區,S01,臺北,2019,1,5.2,32,123.3,29.4,50.6,12.7,45.5,96.3,5.2,27.5,37.9,1.3,NCU
南投縣,魚池鄉,S43,日月潭,2018,12,6.14,6.4,4.3,13.3,6.2,0.7,17.1,2.4,1.2,11.6,17.7,7,NCU
南投縣,魚池鄉,S43,日月潭,2018,11,5.97,4.3,3.9,7,6.2,1.1,9.5,3.2,1.9,6.4,15.1,4.8,NCU
南投縣,魚池鄉,S43,日月潭,2018,10,5.19,11.6,8,37,24.4,6.5,33.4,6.7,1.7,9.7,34.2,0.8,NCU
南投縣,魚池鄉,S43,日月潭,2018,9,5.41,10.4,7.3,27.6,21.9,5.4,32,11.1,2.5,6.9,17.4,1.8,NCU
南投縣,魚池鄉,S43,日月潭,2018,8,5.73,7.7,4.2,16.2,16.4,2.8,35.4,4.7,2.6,6.4,15.7,3.8,NCU
南投縣,魚池鄉,S43,日月潭,2018,7,5.47,13.8,9.5,29.9,33.9,7.1,47.2,10.1,3.4,7.7,25.2,2.7,NCU
南投縣,魚池鄉,S43,日月潭,2018,6,6.1,8.8,11.3,13,11.8,1.2,37.8,5.1,9.2,4.7,18.2,9,NCU
南投縣,魚池鄉,S43,日月潭,2018,5,6.22,22.2,14.5,51.3,42.5,1.7,70.8,15.6,5.5,10.9,60.4,17.4,NCU
南投縣,魚池鄉,S43,日月潭,2018,4,6.44,16.9,8.1,33.4,38.8,0.4,77,6,4.2,5.5,29,14.7,NCU
南投縣,魚池鄉,S43,日月潭,2018,3,6.01,11.2,6.4,22.5,34.4,1.2,41.1,4.5,4.8,6.5,31.7,6.4,NCU
南投縣,魚池鄉,S43,日月潭,2018,2,5.47,19,17.7,38.4,42.3,7,46.2,14.7,5.9,12.8,49.8,3.1,NCU
南投縣,魚池鄉,S43,日月潭,2018,1,6.06,6.9,4.4,13.7,12.2,1.3,13,3.8,2.3,7.3,22.2,8,NCU
臺北市,北投區,S42,鞍部,2018,12,5.19,28.9,113.1,25,38.3,15.2,20.9,108.3,6.5,28,28.3,2.2,NCU
臺北市,北投區,S42,鞍部,2018,11,5.06,30.3,105.7,29.3,44.9,19.2,22.1,107.7,6.3,26.6,38.2,2.3,NCU
臺北市,北投區,S42,鞍部,2018,10,4.79,32,104.6,38.6,51.6,23.6,32.1,102.7,5,26,34.9,0.9,NCU
臺北市,北投區,S42,鞍部,2018,9,4.86,35.1,136.8,29,45.3,28.1,22.3,131.9,5,32.4,21.8,0.7,NCU
臺北市,北投區,S42,鞍部,2018,8,5.01,18.9,25.2,33.1,40.9,16.4,34.3,23.3,4.4,8.9,31.8,1,NCU
臺北市,北投區,S42,鞍部,2018,7,5.49,23.8,37.6,38.2,55.5,11.7,40.5,36.8,6.9,11.5,43.1,6.9,NCU
臺北市,北投區,S42,鞍部,2018,6,5.93,20.5,56.4,22.1,41.4,2.5,24.9,53.1,7.8,16.8,57.6,10.2,NCU
臺北市,北投區,S42,鞍部,2018,5,5.62,30.4,64.1,54.7,67.8,6.9,69.7,56.4,6.6,18.5,43,5.3,NCU
臺北市,北投區,S42,鞍部,2018,4,6.07,28.8,65.8,46.2,67.4,1.6,55.4,67.2,12.9,32.5,79.8,11.3,NCU
臺北市,北投區,S42,鞍部,2018,3,5.55,35.5,106.6,40.7,65.6,10.6,44.7,108,15.3,37.5,65.7,6.5,NCU
臺北市,北投區,S42,鞍部,2018,2,5.14,27.7,78.2,33.2,58.9,13.4,47.1,68.3,7.1,20.1,38.9,1.5,NCU
臺北市,北投區,S42,鞍部,2018,1,5.84,15.5,53.7,13,28.4,3.7,21.6,48.2,4.7,14.3,36.1,7.3,NCU
基隆市,中正區,S41,彭佳嶼,2018,12,5.56,58.6,349.1,36.6,68.5,3.8,14.5,337,8.7,78.4,64.2,2.6,NCU
基隆市,中正區,S41,彭佳嶼,2018,11,5.08,34.8,158,33.1,50.8,10.8,16.8,168.7,4.5,43,55.4,0.8,NCU
基隆市,中正區,S41,彭佳嶼,2018,10,5.82,63.6,410.9,24.2,65.7,2.5,13.4,401.4,9,89,60.9,5.1,NCU
基隆市,中正區,S41,彭佳嶼,2018,9,5.88,16.3,92.5,6.1,17.5,1.7,5.1,79.2,4.1,22.8,28.1,4.9,NCU
基隆市,中正區,S41,彭佳嶼,2018,8,6.07,31.7,140.8,27.5,45.2,1.5,25.9,133.6,5.1,30.8,66.4,8.7,NCU
基隆市,中正區,S41,彭佳嶼,2018,6,6.23,30.8,180.2,8.4,29.8,1.1,13.1,161.8,6,36.5,54.1,14.9,NCU
基隆市,中正區,S41,彭佳嶼,2018,5,6.61,49.2,277.3,28.2,52.8,0.2,<MDL,242.9,11.2,58.3,89.9,20.8,NCU
基隆市,中正區,S41,彭佳嶼,2018,4,6.15,33.7,128.5,39.5,44.6,0.9,30.7,104.6,8.5,31.8,69,8.6,NCU
基隆市,中正區,S41,彭佳嶼,2018,3,5.33,47.7,198.7,53.4,72.4,15.6,37.7,189.3,11.5,54.1,61,3.2,NCU
基隆市,中正區,S41,彭佳嶼,2018,2,6.36,55.1,248.2,44.5,101.9,1.7,51.6,221.7,10.3,60.7,132.2,23.3,NCU
基隆市,中正區,S41,彭佳嶼,2018,1,5.55,50.4,302.3,16.7,54.2,5.9,39.6,274.2,7.5,66.6,48.1,5.1,NCU
雲林縣,麥寮鄉,S26,雲林,2018,11,6.82,45.3,180.6,21.2,49.5,0.2,68.9,201.9,6.7,45.6,92.4,37,NCU
雲林縣,麥寮鄉,S26,雲林,2018,10,7.37,86.2,306.2,62.7,105.5,0,190.1,322.2,7.3,73.3,206.3,119.6,NCU
雲林縣,麥寮鄉,S26,雲林,2018,9,6.2,26.6,13.3,72.8,72.2,0.8,103,17,1.6,13.2,69.3,10.2,NCU
雲林縣,麥寮鄉,S26,雲林,2018,8,6.14,19.1,50.2,17,32.1,5.3,32.2,50.5,2.7,12.8,36.8,14.8,NCU
雲林縣,麥寮鄉,S26,雲林,2018,7,6.43,21.7,59.6,30.7,31,0.6,49.6,53,3.3,14.5,41.9,18.6,NCU
雲林縣,麥寮鄉,S26,雲林,2018,6,5.46,28.8,70.1,28.9,63.2,11.7,66.3,59.6,4,19.4,50.8,6.8,NCU
雲林縣,麥寮鄉,S26,雲林,2018,5,6.63,16.7,22.3,22.1,36.4,0.2,42.7,16.7,3.3,7.9,28.9,21.8,NCU
雲林縣,麥寮鄉,S26,雲林,2018,4,6.94,60.9,149.4,66.7,104.1,0.1,94.8,143.1,15.3,41.5,230,44.4,NCU
雲林縣,麥寮鄉,S26,雲林,2018,3,6.38,15.6,20.8,26.3,30.3,0.6,51.2,19.5,3.3,7.3,43.1,16.4,NCU
雲林縣,麥寮鄉,S26,雲林,2018,2,6.55,33.9,75.8,23.7,59.1,0.6,103.5,74.5,8.3,28,58.1,37.5,NCU
雲林縣,麥寮鄉,S26,雲林,2018,1,6.74,24.1,76.9,10.5,32.5,0.2,48.6,73.4,5.3,28.2,57.1,30.2,NCU
新竹縣,橫山鄉,S25,新竹,2018,12,5.56,5.9,3.6,6.8,9.2,2.8,5.7,5.6,2.1,8.1,23.1,1.9,NCU
新竹縣,橫山鄉,S25,新竹,2018,11,4.35,48.5,24.4,93.9,116.2,47.8,105.9,24.1,3.3,13.9,88.6,0.1,NCU
新竹縣,橫山鄉,S25,新竹,2018,10,4.49,34.5,72.7,40.7,58.2,35.8,40.3,69.3,2,20.5,36.2,0.2,NCU
新竹縣,橫山鄉,S25,新竹,2018,9,4.53,36.5,84.4,42.2,58.7,34.6,35.6,85.8,3.2,24.6,41.2,0.2,NCU
新竹縣,橫山鄉,S25,新竹,2018,8,4.97,20.7,26.9,31.3,29.6,20.7,31.8,26.6,2.9,5.8,37.6,1.6,NCU
新竹縣,橫山鄉,S25,新竹,2018,7,5.6,19.3,25.4,51.8,52.3,6.2,47.8,26,3.6,11.3,54.3,3.3,NCU
新竹縣,橫山鄉,S25,新竹,2018,6,5.35,22.9,22.5,46.2,55.4,12.3,46.8,21.8,4.3,12.7,55.9,3,NCU
新竹縣,橫山鄉,S25,新竹,2018,5,5.08,20.2,15.3,46.4,49.7,11,68.6,17.3,5.4,11.2,41.3,0.9,NCU
新竹縣,橫山鄉,S25,新竹,2018,4,5.88,33.3,37.4,64.6,93.5,1.5,92.4,32.4,8.6,23.2,96.5,4.4,NCU
新竹縣,橫山鄉,S25,新竹,2018,3,5.94,22.3,38.3,40.9,59.3,2,48.9,34.9,4.9,14.9,73.9,7.5,NCU
新竹縣,橫山鄉,S25,新竹,2018,1,6.46,23.7,17.5,38.8,51.8,1.2,31.9,15,2.5,10,123.8,24.7,NCU
屏東縣,恆春鎮,S24,恆春,2018,12,5.81,7,25.2,5.1,8.5,1.5,1.2,21.1,1.4,11.6,22.6,3.3,NCU
屏東縣,恆春鎮,S24,恆春,2018,11,5.82,27.1,92.5,23.2,35.3,5.3,31.7,90.6,11.4,25.5,60.4,11.6,NCU
屏東縣,恆春鎮,S24,恆春,2018,10,6.6,43,139.1,57.3,73.9,0.3,79.3,135.2,7.5,35.3,116.5,20.8,NCU
屏東縣,恆春鎮,S24,恆春,2018,9,5.59,8.9,25.5,8.5,12,3.5,10.5,23,1.6,8.6,18.1,2.9,NCU
屏東縣,恆春鎮,S24,恆春,2018,8,5.45,12.1,51.7,6.5,15.6,5.3,9.8,45.3,4.1,10.8,17.7,2.2,NCU
屏東縣,恆春鎮,S24,恆春,2018,7,5.83,15.6,61.3,13.7,23.2,4.4,14.5,51.8,6.2,14.5,31.1,6.3,NCU
屏東縣,恆春鎮,S24,恆春,2018,6,5.9,12.6,57.9,7.6,16,1.9,7.1,46.6,3.1,9.7,22,5.3,NCU
屏東縣,恆春鎮,S24,恆春,2018,5,7.01,24.6,44.5,25.1,25.4,0.1,20.1,36.5,3,12.5,70,52.2,NCU
屏東縣,恆春鎮,S24,恆春,2018,4,6.59,18.5,74.3,9.3,23.3,0.3,12.7,72.7,2.8,14.3,38.3,19.8,NCU
屏東縣,恆春鎮,S24,恆春,2018,3,6.39,32.2,88.5,52,64.2,0.5,72.9,78.4,19.1,29.3,72.5,15.1,NCU
新竹縣,橫山鄉,S25,新竹,2018,2,6.4,34.3,26.3,48.7,87.4,0.8,58.1,26.1,7.7,21.2,191.8,27.9,NCU
屏東縣,恆春鎮,S24,恆春,2018,1,6.89,31.5,101.9,12.4,25.7,0.2,18.8,96.4,4.4,25.9,125.1,60.9,NCU
臺東縣,成功鎮,S23,成功,2018,12,5.31,51,264.2,35.3,54.2,13.1,23.6,245.8,8.3,57.4,56.9,3.2,NCU
臺東縣,成功鎮,S23,成功,2018,11,5.28,16.7,60.9,14.9,29.7,7.2,10.4,60.7,4.2,17.2,28.3,1.4,NCU
臺東縣,成功鎮,S23,成功,2018,10,5.47,20.9,61.5,23.2,30.8,9,18.4,62.7,1.5,18.2,38.5,3.9,NCU
臺東縣,成功鎮,S23,成功,2018,9,5.7,10.7,56.9,3.7,10.1,2.1,4.1,51.7,2.7,14.8,16.9,2.7,NCU
臺東縣,成功鎮,S23,成功,2018,8,5.77,15.1,65.3,10.1,15.2,5,18.9,54,4.2,14.3,21.5,5.6,NCU
臺東縣,成功鎮,S23,成功,2018,7,6.25,12.6,54.5,9.4,11.6,0.7,9.4,43.7,5.3,11.3,38.5,12.8,NCU
臺東縣,成功鎮,S23,成功,2018,6,5.97,17.4,73.6,14.9,25.1,1.7,18,68.7,4.9,17.6,32.9,6.2,NCU
臺東縣,成功鎮,S23,成功,2018,5,5.73,19.4,62.4,27.1,28.1,4.3,15.5,53.8,4.4,15.7,45.2,6.1,NCU
臺東縣,成功鎮,S23,成功,2018,4,6,34.3,125.9,32.7,50.5,2.8,29.6,115.6,7.5,34.1,88.4,15.6,NCU
臺東縣,成功鎮,S23,成功,2018,3,5.85,39.6,173.6,33.8,56,6.1,29.7,159.1,9.3,49.8,67.9,7.6,NCU
臺東縣,成功鎮,S23,成功,2018,2,5.83,54.7,278.1,42.7,87.6,4.1,39.3,252.3,11.6,63.9,92.9,8.4,NCU
臺東縣,成功鎮,S23,成功,2018,1,6.11,25.1,102.8,17.9,34.1,3.6,17.5,94.5,3.7,23.8,55.6,13.7,NCU
臺南市,歸仁區,S22,臺南,2018,11,6.95,33.1,53.1,42.7,44.2,0.1,123.2,46.5,4.4,19.9,92.5,45.5,NCU
臺南市,歸仁區,S22,臺南,2018,9,6.29,16.9,25.6,36.6,33.5,0.6,69.7,31.5,4.3,9.5,24.5,10.7,NCU
臺南市,歸仁區,S22,臺南,2018,8,5.93,6.2,13.1,8.1,13.3,1.2,19,11.8,3.1,3.9,9.2,4.5,NCU
臺南市,歸仁區,S22,臺南,2018,7,5.8,10.8,22.6,16.9,24.8,3.1,26.8,21.6,6,10.3,20.9,5,NCU
臺南市,歸仁區,S22,臺南,2018,6,6.39,10.4,21.9,4.6,24.6,0.4,11.2,24.5,7,8.9,13,12.8,NCU
臺南市,歸仁區,S22,臺南,2018,5,6.64,30.8,30.5,51.3,79.1,0.3,109,28.4,7.1,16.7,78.3,31.1,NCU
臺南市,歸仁區,S22,臺南,2018,3,6.75,24.4,23.5,40.5,36.6,0.2,89.8,23.8,10,7.5,31.3,28.7,NCU
臺南市,歸仁區,S22,臺南,2018,1,6.96,20.2,16.5,17.2,30.7,0.1,43,12.8,1.9,3.5,63.8,47.5,NCU
桃園市,中壢區,S21,中壢,2018,12,4.6,76.2,315.3,63.7,103.3,50.4,67.9,293.6,9.2,65.1,30.8,1.2,NCU
桃園市,中壢區,S21,中壢,2018,11,4.79,39.9,92.7,49.5,56.7,29.8,44.1,93.1,4.1,25.1,28.3,0.7,NCU
桃園市,中壢區,S21,中壢,2018,10,4.4,46.5,124.9,46.7,74.9,48.3,52.2,119.8,3.6,30.2,18.5,0.1,NCU
桃園市,中壢區,S21,中壢,2018,9,4.76,29.2,39.6,50.1,44.7,33.9,47.7,40.9,2.5,12,19,0.8,NCU
桃園市,中壢區,S21,中壢,2018,8,4.61,26.7,19.6,44.2,47.5,31.5,51.4,20.5,2.7,7.1,17.2,0.3,NCU
桃園市,中壢區,S21,中壢,2018,7,4.94,19.1,18.7,36.7,39.9,16.4,35.9,17.4,4.8,17.7,29.5,0.7,NCU
桃園市,中壢區,S21,中壢,2018,6,5.14,31.4,62,60.2,73.1,12.6,72.9,59.7,7.3,23.4,43.4,1.7,NCU
桃園市,中壢區,S21,中壢,2018,5,4.93,56.5,180.5,92.5,109.6,20.1,104,148.5,9.8,38.4,54.6,0.7,NCU
桃園市,中壢區,S21,中壢,2018,4,5.27,48.6,101.1,80.7,114.3,14.3,130.8,99.4,11.3,40.5,78.9,4.9,NCU
桃園市,中壢區,S21,中壢,2018,3,4.37,45.2,108.5,53,71.9,47.2,56.2,107.7,9.8,34,26.6,0.1,NCU
桃園市,中壢區,S21,中壢,2018,2,4.21,68,153.7,77,111.5,76,88.2,137.9,9.2,38.7,24.1,0.1,NCU
桃園市,中壢區,S21,中壢,2018,1,4.7,29.9,78,25.2,51.2,28,34.7,74.9,3.2,20.2,24,0.4,NCU
高雄市,鼓山區,S05,高雄,2018,11,6.74,44.1,162.2,51.4,49.7,0.2,125.5,149.8,3.8,36.7,72.9,28.6,NCU
高雄市,鼓山區,S05,高雄,2018,9,5.56,33.9,75.9,51.4,68.6,13.4,54.1,84.7,3.8,26.3,67.3,5.7,NCU
高雄市,鼓山區,S05,高雄,2018,8,5.24,16.6,66.8,9,24.8,8.6,10.7,60.8,2.9,16.2,23.1,1.5,NCU
高雄市,鼓山區,S05,高雄,2018,7,5.36,19.9,62.8,24.8,34.3,8.6,14.6,58.4,5.4,18,35.9,2.1,NCU
高雄市,鼓山區,S05,高雄,2018,6,5.93,23.6,105.7,20.3,34,3.5,17.7,96.4,5.1,26.4,44,7.8,NCU
高雄市,鼓山區,S05,高雄,2018,5,6.37,11.1,14,13.4,16,0.6,11,11.5,2.9,6.9,47.8,18.1,NCU
高雄市,鼓山區,S05,高雄,2018,3,6.12,25.5,51.9,29.6,46.4,6.9,42,44.7,5.3,16,64.4,26.5,NCU
高雄市,鼓山區,S05,高雄,2018,2,5.7,25.1,60.3,35.4,34.4,9.9,43.9,55.3,6.2,21.8,43.5,12.6,NCU
高雄市,鼓山區,S05,高雄,2018,1,6.39,22.7,31.4,48.1,41,0.7,63.4,25.7,3.4,10.5,77.2,18.4,NCU
嘉義市,北湖里,S04,嘉義,2018,11,6.51,36.9,43.3,69.9,70.6,0.5,106.9,45.2,12.9,19.5,113.2,27.6,NCU
嘉義市,北湖里,S04,嘉義,2018,10,6.07,25.1,31.7,66.6,46.3,0.9,90.2,33.7,7.1,15.5,58.4,6.3,NCU
嘉義市,北湖里,S04,嘉義,2018,9,6.35,36.5,51.1,74.3,62.3,1.7,145.5,72.1,8.2,24,44.2,21.1,NCU
嘉義市,北湖里,S04,嘉義,2018,8,6.08,11.2,8.2,20.3,26.5,1,53.2,11.7,3.4,11.8,16.3,7.4,NCU
嘉義市,北湖里,S04,嘉義,2018,7,6.25,23.1,34.3,44.6,43.4,0.9,79,36.3,4.7,10.2,42.3,15.6,NCU
嘉義市,北湖里,S04,嘉義,2018,6,6.15,7.4,8.5,9.5,12.2,1,20.3,6.2,2.8,3.1,12.9,10,NCU
嘉義市,北湖里,S04,嘉義,2018,5,6.83,28.2,21.7,39.5,36.2,0.2,59.2,21.4,5.7,15.5,109,55.6,NCU
嘉義市,北湖里,S04,嘉義,2018,4,5.8,28.3,19,69.1,61.6,1.6,95.9,22.1,4.4,15,74.8,3.2,NCU
嘉義市,北湖里,S04,嘉義,2018,3,6.53,19.5,11.7,36.8,35.2,0.3,81.3,10.6,2.6,4.2,14.7,17.3,NCU
嘉義市,北湖里,S04,嘉義,2018,2,6.52,38.4,34.4,60.8,115.8,0.3,191.3,38.7,8.8,22.7,55.6,18.7,NCU
嘉義市,北湖里,S04,嘉義,2018,1,6.59,16.3,13.2,21,32.8,0.3,55.8,12.1,3.2,6.5,36.2,23.6,NCU
臺中市,西屯區,S03,臺中,2018,12,6.4,9.3,9.3,12.9,12.1,0.4,29.7,6.8,2.8,12.2,16,12.8,NCU
臺中市,西屯區,S03,臺中,2018,11,6.47,17,21.5,31.8,31.9,0.4,54.3,18.9,5.5,11.4,66.7,16.1,NCU
臺中市,西屯區,S03,臺中,2018,10,6.53,13.2,17,24.4,18.5,0.3,64.6,12.5,4.2,5.3,13.3,17.3,NCU
臺中市,西屯區,S03,臺中,2018,8,5.86,15.4,19.5,29.6,30.7,3.8,62.7,15.7,5.5,8.8,19.8,7.9,NCU
臺中市,西屯區,S03,臺中,2018,7,6.09,13.4,18,22.4,28.5,1.4,52.2,15,3.2,3.2,19.3,10.4,NCU
臺中市,西屯區,S03,臺中,2018,6,6.22,10,11.3,14.8,22.1,1,23.5,9.2,3.2,3.7,28.5,12.6,NCU
臺中市,西屯區,S03,臺中,2018,5,6.31,18.5,17.3,46,45.4,0.5,75,17.7,6.2,13.2,35.5,10.5,NCU
臺中市,西屯區,S03,臺中,2018,4,5.86,14.1,12.3,35.1,31.7,1.4,54,9.2,4.8,6.8,18.4,3.7,NCU
臺中市,西屯區,S03,臺中,2018,3,6.51,30.6,22.7,58.9,86.8,0.3,94.6,23.1,18.9,34.7,90.1,16.5,NCU
臺中市,西屯區,S03,臺中,2018,2,6.29,15.2,23.6,28.7,38.3,0.6,49.6,16.3,4.6,7,29.6,11.1,NCU
臺中市,西屯區,S03,臺中,2018,1,6.65,9,5.7,7.7,8.4,0.2,19,4.6,2.3,7.2,37.6,22.6,NCU
宜蘭縣,宜蘭市,S02,宜蘭,2018,12,5.26,42,158.5,38.1,53.5,22.8,43.5,143.2,5.8,35.2,36,5.5,NCU
宜蘭縣,宜蘭市,S02,宜蘭,2018,11,4.87,34.5,139.1,29.9,50.8,21.8,33.6,134.1,5.1,33.1,28,0.6,NCU
宜蘭縣,宜蘭市,S02,宜蘭,2018,10,5.11,36.6,64.1,56.6,50.3,24.5,58.1,63.9,3.6,18.9,35.3,3.1,NCU
宜蘭縣,宜蘭市,S02,宜蘭,2018,9,5.65,22.6,104.4,14.3,30.7,2.8,16.2,109.2,4.3,29.4,29.1,2.7,NCU
宜蘭縣,宜蘭市,S02,宜蘭,2018,8,5.65,18,48.1,25.8,29.4,6.3,29.2,45.8,4.7,17,39.4,5.9,NCU
宜蘭縣,宜蘭市,S02,宜蘭,2018,7,6.13,14.6,63.9,7.3,19,1,17.7,54.7,6,4.3,28.8,11.2,NCU
宜蘭縣,宜蘭市,S02,宜蘭,2018,6,5.65,10.4,17.7,19.4,17.6,4.6,14.7,14.3,4.4,7,26.3,3.7,NCU
宜蘭縣,宜蘭市,S02,宜蘭,2018,5,5.94,24.5,56.5,56.6,48,1.8,46.9,51.2,6.2,20.8,58.9,6.6,NCU
宜蘭縣,宜蘭市,S02,宜蘭,2018,4,5.78,47.7,80,115.9,112,3,113.4,79.2,14.9,34,127.4,6.3,NCU
宜蘭縣,宜蘭市,S02,宜蘭,2018,3,5.5,32.9,69.6,67.8,70.7,9.2,70.5,67.4,8.5,31.1,63,3.5,NCU
宜蘭縣,宜蘭市,S02,宜蘭,2018,2,5.3,26.2,56.6,33.5,61.9,10.9,56.3,49,6.6,18.4,39.1,2.7,NCU
宜蘭縣,宜蘭市,S02,宜蘭,2018,1,5.17,28.5,93.7,29.1,51.6,13.4,43.2,86.9,5,25.7,36.4,1.9,NCU
臺北市,中正區,S01,臺北,2018,12,5.51,30.5,119.4,34.3,61.4,5,60,108.2,6.9,29,43.2,3.4,NCU
臺北市,中正區,S01,臺北,2018,11,5.52,37.1,136.1,49,61.2,7.7,65.5,141.1,5.4,34.7,46.8,4.3,NCU
臺北市,中正區,S01,臺北,2018,10,4.88,32.6,96,42.2,53.9,19.2,45.2,92.1,3.9,24.9,30.6,0.7,NCU
臺北市,中正區,S01,臺北,2018,9,5.12,35.5,93.4,69.8,72.9,17.4,61.1,91,6.1,26.7,58.2,1.4,NCU
臺北市,中正區,S01,臺北,2018,8,5.04,27.4,22.6,63,61.3,18.5,68.4,22.4,7.5,10.2,45,1.8,NCU
臺北市,中正區,S01,臺北,2018,7,4.9,26.2,16,54.7,60.5,25.2,41.5,18.3,5.5,14.8,41.4,2.3,NCU
臺北市,中正區,S01,臺北,2018,6,5.88,22.7,34.5,38.1,44,8.6,59.8,29.3,9.3,10.9,37.8,12.2,NCU
臺北市,中正區,S01,臺北,2018,5,5.89,22.8,25.1,67.2,62.3,2,47.2,31.4,9.7,20.1,57.9,5.9,NCU
臺北市,中正區,S01,臺北,2018,4,5.95,15.8,34.8,19.2,27.7,1.7,32.4,14.3,19.2,6.6,40.4,7,NCU
臺北市,中正區,S01,臺北,2018,3,5.7,29.6,48.8,61.5,59.7,8.5,82.3,45,9.5,18.8,43.7,6.1,NCU
臺北市,中正區,S01,臺北,2018,2,5.37,28.5,60.2,43.7,67.4,9.9,70.7,50.7,6.9,18.8,41,4,NCU
臺北市,中正區,S01,臺北,2018,1,5.78,15.3,26.8,25.8,29.8,5.6,25.5,24.3,2.9,9.2,39.9,6.2,NCU
南投縣,魚池鄉,S43,日月潭,2017,12,6.95,30,17.6,55.4,42.3,0.1,69.9,16.3,4.8,7.5,116,48.1,NCU
南投縣,魚池鄉,S43,日月潭,2017,11,5.7,14,12,28.8,20.5,7.9,63.4,10.5,3,4.4,23.7,8.1,NCU
南投縣,魚池鄉,S43,日月潭,2017,10,5.97,3,1.9,14.2,15.9,1.3,11.5,2.8,0,17.7,16.1,6,NCU
南投縣,魚池鄉,S43,日月潭,2017,9,5.69,11,9.1,29.3,30.8,2.1,41.5,9.1,3.9,6.3,16.9,2.7,NCU
南投縣,魚池鄉,S43,日月潭,2017,8,5.96,8,8.3,11.4,12.7,2.1,36.8,7.5,2.5,3,7.2,6.8,NCU
南投縣,魚池鄉,S43,日月潭,2017,7,5.66,11,6.4,26.8,22.5,4.9,44.9,7,3.7,4.2,17.9,3.7,NCU
南投縣,魚池鄉,S43,日月潭,2017,6,5.8,8,7.4,13.6,15,2.4,39.6,6.4,3.4,4,8.1,5,NCU
南投縣,魚池鄉,S43,日月潭,2017,5,5.78,13,11.2,25.7,24.1,4.5,64.9,9,2.6,3.4,12.4,6.7,NCU
南投縣,魚池鄉,S43,日月潭,2017,4,5.37,16,7.7,31.8,36.9,7.1,62.9,8.9,3.8,3.2,25.2,2.8,NCU
南投縣,魚池鄉,S43,日月潭,2017,3,5.04,28,75.4,49,62.7,18.5,65,80.2,8.2,21.1,37.8,1.6,NCU
南投縣,魚池鄉,S43,日月潭,2017,2,5.42,39,24.6,124.5,81.1,6.2,148.2,28.1,12.1,16,74.1,2.1,NCU
臺北市,北投區,S42,鞍部,2017,12,5.66,29,109,33,45.5,7.2,29.8,101.4,5.8,25,54,7.5,NCU
臺北市,北投區,S42,鞍部,2017,11,6.04,31,119.9,27.8,41.1,7.4,29.9,110.6,5.4,30.4,74.1,18.6,NCU
臺北市,北投區,S42,鞍部,2017,10,4.6,47,198.2,37.6,61.7,37.9,29.5,182.3,10.1,43.2,25,0.4,NCU
臺北市,北投區,S42,鞍部,2017,9,5.14,37,172.3,32.3,55.8,15.6,35.5,151.2,12.2,47.2,36.8,2.5,NCU
臺北市,北投區,S42,鞍部,2017,8,4.7,32,42.6,54.9,70.6,37.3,56.1,43.3,11,9.8,32.6,0.6,NCU
臺北市,北投區,S42,鞍部,2017,7,5.2,16,13.2,32.7,30.2,14.5,16.9,12,6.6,5.3,42.8,4.3,NCU
臺北市,北投區,S42,鞍部,2017,6,5.21,7,7.4,11.5,13.3,7.2,13.7,7.3,2,3.1,6.6,1,NCU
臺北市,北投區,S42,鞍部,2017,5,5.06,21,35,32.8,39.3,16.2,38.7,34.7,6.9,7.8,27.1,1.5,NCU
臺北市,北投區,S42,鞍部,2017,4,4.8,28,48.2,40.2,56.8,19.8,51.8,46.8,5.6,13.3,35.7,0.4,NCU
臺北市,北投區,S42,鞍部,2017,3,5,25,31.5,38.9,52.8,16.5,60.3,29.2,7.1,8.4,29.5,1.2,NCU
臺北市,北投區,S42,鞍部,2017,2,5.05,31,110.9,28.8,52.8,16.4,44.1,111.1,11.6,36.2,35.4,1.5,NCU
臺北市,北投區,S42,鞍部,2017,1,5.31,38,186,23,67.6,6.1,34.4,176.1,10.2,41.5,57.5,1.3,NCU
基隆市,中正區,S41,彭佳嶼,2017,12,5.08,82,449.4,46.5,101,15,39.6,413.8,11.6,95.6,69.4,1.1,NCU
基隆市,中正區,S41,彭佳嶼,2017,11,5.95,46,284.8,16.1,51.7,3.2,15.4,249.4,7.9,54.9,78,15.9,NCU
基隆市,中正區,S41,彭佳嶼,2017,10,6.11,33,182.2,8.7,30,1.4,0,168.6,5.7,43.1,75.4,16.6,NCU
基隆市,中正區,S41,彭佳嶼,2017,9,5.01,16,76.5,11,26.3,9.8,5.2,68.9,0,8.7,9.8,0.5,NCU
基隆市,中正區,S41,彭佳嶼,2017,7,6.3,63,382.4,36.4,58.5,0.5,41.3,407,21,88.8,96.1,10.3,NCU
基隆市,中正區,S41,彭佳嶼,2017,6,5.46,17,82.6,11.1,19.9,4,10.6,81,3.9,18.8,15.9,1.8,NCU
基隆市,中正區,S41,彭佳嶼,2017,5,5.13,24,76.6,33,42.8,13,27.3,69.9,3.5,15.4,39.2,1.8,NCU
基隆市,中正區,S41,彭佳嶼,2017,4,4.76,53,231.3,48.6,76.5,22.9,64.9,205,11.2,49.3,43.5,0.6,NCU
基隆市,中正區,S41,彭佳嶼,2017,3,4.93,50,193.3,44.9,69.5,16.9,51.8,184.9,10.2,45.5,55.4,1,NCU
基隆市,中正區,S41,彭佳嶼,2017,2,5.09,43,244.1,25.7,53.3,14,29.4,231.4,8.8,61.1,38.6,1,NCU
基隆市,中正區,S41,彭佳嶼,2017,1,5.3,57,321.1,62.2,100.3,10,48.6,320.9,13.5,80.1,102.1,3.3,NCU
雲林縣,麥寮鄉,S26,雲林,2017,12,6.51,37,106.5,41.3,78.2,0.3,149.1,94.3,6.3,19.5,31.5,18.3,NCU
雲林縣,麥寮鄉,S26,雲林,2017,11,6.6,25,113.2,13,35.2,0.3,59.8,97.4,3.6,20.3,20.3,20.6,NCU
雲林縣,麥寮鄉,S26,雲林,2017,10,6.44,9,27.6,3.8,13.7,0.4,33,23.8,2.3,6.7,6.3,14.5,NCU
雲林縣,麥寮鄉,S26,雲林,2017,9,6.25,20,38.1,37.9,37.6,1,97.2,32.3,3.1,8.8,19.9,13.1,NCU
雲林縣,麥寮鄉,S26,雲林,2017,8,6.35,13,17.6,14.8,16.7,0.9,44,15.2,1.4,5.3,33.8,24.2,NCU
雲林縣,麥寮鄉,S26,雲林,2017,7,6.12,7,13.8,9.1,8.8,1.1,22.6,12.7,2.2,3.6,7.7,9.1,NCU
雲林縣,麥寮鄉,S26,雲林,2017,6,5.97,8,17.4,9,13.3,2.1,18.7,15.6,1.6,4.4,16.5,9,NCU
雲林縣,麥寮鄉,S26,雲林,2017,4,5.89,38,116.5,42.5,62.1,4.8,109.3,108.7,6.6,31.4,54.4,13.9,NCU
雲林縣,麥寮鄉,S26,雲林,2017,3,5.63,39,83.9,52.3,93.7,4.6,126.7,82.1,10.5,24.9,64.5,3.4,NCU
雲林縣,麥寮鄉,S26,雲林,2017,1,5.86,17,40.2,13.4,57.5,1.4,70.8,28.8,3.9,1.6,15.4,3.7,NCU
新竹縣,橫山鄉,S25,新竹,2017,12,4.28,41,45.7,48.2,93.4,52.7,41.4,47.6,5.4,13.5,66.5,0.1,NCU
新竹縣,橫山鄉,S25,新竹,2017,11,5.96,34,32.8,57.2,65.4,9.5,62.2,31.9,4.6,14.7,131.7,37.6,NCU
新竹縣,橫山鄉,S25,新竹,2017,9,4.29,35,16.5,65.3,72.3,52.7,63.2,15.5,4.6,9.1,28.7,0.1,NCU
新竹縣,橫山鄉,S25,新竹,2017,8,4.47,29,21.5,40.1,50,42.9,50.1,20,4.1,7.6,20.3,0.2,NCU
新竹縣,橫山鄉,S25,新竹,2017,7,4.52,25,10.2,47.1,42.6,38.9,31.5,10.9,4.9,4.7,23.6,0.2,NCU
新竹縣,橫山鄉,S25,新竹,2017,6,4.94,13,11.3,18.1,20.3,16.1,20.6,10.7,1.9,4.2,12.3,0.7,NCU
新竹縣,橫山鄉,S25,新竹,2017,5,4.78,27,18.8,57.3,59.5,23.8,51.7,19.5,5.1,8.1,53.6,0.7,NCU
新竹縣,橫山鄉,S25,新竹,2017,4,4.81,22,15,35.4,48.1,20.2,51.4,13.8,3.4,6.6,34,0.6,NCU
新竹縣,橫山鄉,S25,新竹,2017,3,4.43,39,23.1,73.6,82,39.4,94.9,21.1,8.3,8.1,57.3,0.1,NCU
新竹縣,橫山鄉,S25,新竹,2017,2,5.09,37,97.1,77.7,68.7,8.2,69.8,102.6,7.9,30.1,92.9,0.6,NCU
屏東縣,恆春鎮,S24,恆春,2017,12,7.53,103,416.7,27.6,66.3,0,17.6,394.1,13.5,95.6,416.4,172.8,NCU
屏東縣,恆春鎮,S24,恆春,2017,11,5.97,10,54.2,3.1,9.4,1.2,6.6,47.5,2.2,10.5,8.7,5.5,NCU
屏東縣,恆春鎮,S24,恆春,2017,10,5.5,13,80,6.5,16.6,4.1,7.6,65.7,9.6,13.7,10.2,1.9,NCU
屏東縣,恆春鎮,S24,恆春,2017,9,5.53,11,49.8,7.8,15.4,5.8,10.6,26.7,29,7.8,13.6,3,NCU
屏東縣,恆春鎮,S24,恆春,2017,8,5.69,13,48.8,14.4,21.3,5.3,22.7,39.1,6.7,8.9,14.7,4.7,NCU
屏東縣,恆春鎮,S24,恆春,2017,7,5.95,8,35.7,3.1,9.2,1.4,10.2,28.5,4.5,5.6,9.8,5.5,NCU
屏東縣,恆春鎮,S24,恆春,2017,6,5.57,18,70.8,14.7,24.6,5,19.3,55.9,14.8,12.8,22.8,4.7,NCU
屏東縣,恆春鎮,S24,恆春,2017,5,6.09,12,30.6,16.6,20.3,0.9,24.3,27.9,1.5,7.2,21.9,6.7,NCU
屏東縣,恆春鎮,S24,恆春,2017,4,5.12,17,49.5,20.2,28.2,8.7,25.2,41.3,6.8,10.4,21.6,0.8,NCU
屏東縣,恆春鎮,S24,恆春,2017,3,5.49,27,125.1,23.5,40.3,3.2,32.2,116.2,4.4,24.9,37,1.6,NCU
屏東縣,恆春鎮,S24,恆春,2017,2,6.48,66,334.9,47.5,103.9,0.4,106.9,320.6,15.4,90,110.6,18.1,NCU
臺東縣,成功鎮,S23,成功,2017,12,6.58,45,212.2,33.2,54.3,0.8,23.9,197.1,7.8,46.6,114.2,29.7,NCU
臺東縣,成功鎮,S23,成功,2017,11,5.49,42,230.3,16.6,42.7,11.1,10.9,190.2,5.9,45.1,77.8,23.7,NCU
臺東縣,成功鎮,S23,成功,2017,10,5.31,19,94.8,10.7,20.1,10.5,13.7,84.7,4.8,23.2,14.5,1.6,NCU
臺東縣,成功鎮,S23,成功,2017,9,5.34,23,62.7,42.9,42,16.7,44.1,57.9,5.8,17.9,27.8,2.3,NCU
臺東縣,成功鎮,S23,成功,2017,8,5.57,7,37.5,5,7.3,3.1,0,31.1,2,6,9,2.2,NCU
臺東縣,成功鎮,S23,成功,2017,7,5.73,19,111.4,16.2,15.8,2.6,7.2,106.8,9.2,21.1,30.1,3.8,NCU
臺東縣,成功鎮,S23,成功,2017,6,5.51,10,28.5,12.4,11.3,4,8.4,27,3.6,7.1,15.6,2.2,NCU
臺東縣,成功鎮,S23,成功,2017,5,5.2,17,43.7,20.3,28.5,10.8,21.7,42.4,3.1,10.1,25.3,1.8,NCU
臺東縣,成功鎮,S23,成功,2017,4,4.84,40,160.3,39.1,54.5,19,43.7,148.3,8.2,37,44.9,0.4,NCU
臺東縣,成功鎮,S23,成功,2017,3,5.22,40,108.4,30.6,52.5,17.3,41.2,95.2,6.1,21.6,38.4,9.9,NCU
臺東縣,成功鎮,S23,成功,2017,2,4.86,51,224.1,39.3,77.5,20.5,59.4,213.4,11.3,51.9,53.6,0.8,NCU
臺東縣,成功鎮,S23,成功,2017,1,5.66,23,82.6,20.8,51.4,3.8,28.1,75.8,5.8,15.8,61.2,5.6,NCU
臺南市,歸仁區,S22,臺南,2017,11,6.7,13,10.9,16.7,20.5,0.2,80.2,8.5,2.5,2.7,5.4,25.6,NCU
臺南市,歸仁區,S22,臺南,2017,10,6.46,22,29.5,50.1,43.5,0.4,82.4,38,6.6,16.4,45.2,15.2,NCU
臺南市,歸仁區,S22,臺南,2017,9,5.72,27,49.5,56.4,53.8,4.5,79.9,52.6,9.7,16.4,41,4.2,NCU
臺南市,歸仁區,S22,臺南,2017,8,5.68,18,39.8,31.1,57.2,2.9,58,39.7,3,10.2,22.7,3.3,NCU
臺南市,歸仁區,S22,臺南,2017,7,6.05,12,18.7,26.6,33.4,1,46.9,16.7,2.6,6,18.9,6.2,NCU
臺南市,歸仁區,S22,臺南,2017,6,6.06,9,25.5,8.8,21.4,1.1,15.3,25.2,7.2,7,9.3,7,NCU
臺南市,歸仁區,S22,臺南,2017,5,6.14,11,10.3,19.2,37.2,0.9,44.7,12.5,1.7,6.5,10.7,8.4,NCU
臺南市,歸仁區,S22,臺南,2017,4,6.51,22,12.8,45,59.4,0.3,100.9,9,4.7,6.1,32.6,16.5,NCU
臺南市,歸仁區,S22,臺南,2017,3,6.86,73,93.8,164.3,204.7,0.1,299.2,87.1,19.3,41,261.5,37,NCU
桃園市,中壢區,S21,中壢,2017,12,4.31,56,146,58.1,80.8,59.7,54,139.1,7.2,31.7,28.6,0.1,NCU
桃園市,中壢區,S21,中壢,2017,11,4.58,43,132.6,52.8,61.4,41.1,48.6,117.1,6,27.6,18.6,0.3,NCU
桃園市,中壢區,S21,中壢,2017,10,4.93,33,126.5,26,58.5,18.9,34.2,147.2,10.2,37.2,27.3,0.8,NCU
桃園市,中壢區,S21,中壢,2017,9,4.79,29,53.3,41,55.5,23.9,53.6,51.6,7.6,14.3,19.2,0.5,NCU
桃園市,中壢區,S21,中壢,2017,8,5.38,26,33.3,58.9,46.6,19.7,57.3,32.9,4.8,12.7,40.2,5.6,NCU
桃園市,中壢區,S21,中壢,2017,7,4.89,13,8.4,26.2,18.6,13.4,32.1,5.8,2.5,2.7,12.4,0.4,NCU
桃園市,中壢區,S21,中壢,2017,6,5.07,8,7.3,8.9,12.7,9.9,11.7,6.4,1.5,3.1,6,0.7,NCU
桃園市,中壢區,S21,中壢,2017,5,4.79,27,23.5,41.6,51.7,31.9,43.4,22,4,5.9,26.1,0.9,NCU
桃園市,中壢區,S21,中壢,2017,4,4.66,30,44.3,46.5,61.3,23.8,60,37.4,6.1,10.1,41.6,0.3,NCU
桃園市,中壢區,S21,中壢,2017,3,4.97,39,63.4,57.1,78.1,24.2,77.5,58.8,10.9,13.8,63.1,2.3,NCU
桃園市,中壢區,S21,中壢,2017,2,4.78,34,101.5,37.4,49.2,23.9,44.5,105.7,8.4,33,27.4,0.4,NCU
桃園市,中壢區,S21,中壢,2017,1,4.43,44,98,46.1,77.3,42.8,66.4,89.9,6.5,24.6,21.4,0.2,NCU
高雄市,鼓山區,S05,高雄,2017,11,5.93,23,56,48.5,55.7,1.3,90.9,47.2,4.5,13.2,30.7,4.8,NCU
高雄市,鼓山區,S05,高雄,2017,10,5.54,25,45.1,60.7,76.6,3.6,81.5,35.9,13,21.3,54.7,2.6,NCU
高雄市,鼓山區,S05,高雄,2017,9,4.78,25,71.5,32.2,51.7,20,25.5,61.8,3.9,15.9,29.4,0.4,NCU
高雄市,鼓山區,S05,高雄,2017,8,5.06,21,55.4,20.4,50.6,14,42.3,48.7,3.2,11.8,22.9,1.3,NCU
高雄市,鼓山區,S05,高雄,2017,7,4.72,15,22.5,20,31.4,20.3,28.9,19.2,2,6.3,18.7,0.3,NCU
高雄市,鼓山區,S05,高雄,2017,6,5,22,81.9,18.5,37.4,13.9,23.9,73.8,4.7,17.9,19.2,0.7,NCU
高雄市,鼓山區,S05,高雄,2017,5,5.17,17,25.5,25.1,38.2,11.8,32.5,22.3,2.2,6.6,27,2.3,NCU
高雄市,鼓山區,S05,高雄,2017,4,4.93,19,19.2,25.4,32,18,33.7,15.8,2.4,5.4,27.1,1.5,NCU
高雄市,鼓山區,S05,高雄,2017,3,4.89,95,219.9,192.1,188.8,53.1,216.5,220.3,16.9,72.7,144.6,1.6,NCU
高雄市,鼓山區,S05,高雄,2017,2,5.89,93,433,96.1,220.8,1.3,187.9,440.9,22.9,127.8,144.3,4,NCU
嘉義市,北湖里,S04,嘉義,2017,12,4.91,25,33.6,64.3,45.6,12.3,88.1,27.4,3,9.5,26.3,0.4,NCU
嘉義市,北湖里,S04,嘉義,2017,11,6.6,18,27.9,17,31.2,0.3,39.3,12.9,7.5,9,16.3,21.2,NCU
嘉義市,北湖里,S04,嘉義,2017,10,6.21,16,23.4,36.5,26.3,0.7,81.5,24,4.8,11.8,37.8,9.9,NCU
嘉義市,北湖里,S04,嘉義,2017,9,5.97,19,17.8,46.3,56.2,1.1,93.8,17.2,6.1,13.1,29.2,4.8,NCU
嘉義市,北湖里,S04,嘉義,2017,8,5.99,17,24.9,32.2,33.1,2.9,62,26.7,5.7,7.7,27.5,11.1,NCU
嘉義市,北湖里,S04,嘉義,2017,7,5.78,18,16.5,41.5,40.7,3.3,81.4,16.8,4.3,5.6,22.1,5.1,NCU
嘉義市,北湖里,S04,嘉義,2017,6,5.63,10,19.1,15.3,17.7,3.5,24,18,2.7,5.7,15.5,3.4,NCU
嘉義市,北湖里,S04,嘉義,2017,5,6.15,13,10.6,23.4,31.6,0.9,57.2,10.8,2,6.9,24.1,9.6,NCU
嘉義市,北湖里,S04,嘉義,2017,4,5.66,17,9.9,31,38.8,6.5,65.8,6.7,2.2,4.3,22.4,3.9,NCU
嘉義市,北湖里,S04,嘉義,2017,3,5.33,45,43.8,85.3,102.3,14.1,161.6,41.5,14.1,18.8,81,2.6,NCU
嘉義市,北湖里,S04,嘉義,2017,2,6.93,30,43,41.4,41.6,0.1,91.3,43.8,5.8,12.6,87.2,43.4,NCU
嘉義市,北湖里,S04,嘉義,2017,1,5.11,62,36.1,190.8,188.7,7.8,303,26.1,9,6.7,114.7,0.7,NCU
臺中市,西屯區,S03,臺中,2017,11,6.94,32,89.4,42.5,32.5,0.1,133.4,79.8,11.2,17.3,54.6,44.4,NCU
臺中市,西屯區,S03,臺中,2017,10,6.27,5,4.7,7.7,6.1,0.5,16,3.4,2.2,3.5,3.3,9.5,NCU
臺中市,西屯區,S03,臺中,2017,9,6.48,27,32.2,50.2,60.5,0.5,115.6,30.4,7.3,24.2,61.6,24.8,NCU
臺中市,西屯區,S03,臺中,2017,8,6.33,16,18.5,28,35.6,1.7,91,16.8,3,6.6,19.7,28.7,NCU
臺中市,西屯區,S03,臺中,2017,7,6.2,13,46.7,16,22.2,0.7,37.8,38.4,3.1,8.4,17.3,8.8,NCU
臺中市,西屯區,S03,臺中,2017,6,5.8,8,17.1,11.2,19.2,2.3,23,14.5,2.5,3.6,7.4,4.2,NCU
臺中市,西屯區,S03,臺中,2017,5,6.32,7,5,12.4,12,0.5,26.6,3.1,1.4,1.7,11.7,10.8,NCU
臺中市,西屯區,S03,臺中,2017,4,6.13,15,16,31.1,39.3,0.9,51.6,12.7,8.2,6.6,31.8,8.3,NCU
臺中市,西屯區,S03,臺中,2017,3,6.28,28,32.8,60.7,69,0.6,66.8,57.6,12.7,14.5,64.5,10.9,NCU
臺中市,西屯區,S03,臺中,2017,2,6.31,14,13.8,36.3,33.6,0.5,61.4,9.1,2.6,6.3,41.4,10.4,NCU
臺中市,西屯區,S03,臺中,2017,1,6.79,24,16.5,37.6,50.6,0.2,56.3,11.1,4.3,8.9,86.4,31.5,NCU
宜蘭縣,宜蘭市,S02,宜蘭,2017,12,5.38,32,139.8,35.8,59.9,8,42.6,119.8,6.3,29,54.2,3,NCU
宜蘭縣,宜蘭市,S02,宜蘭,2017,11,5.9,33,147.7,23.7,45.3,7.3,32.8,129.5,5.8,32.7,50.6,15,NCU
宜蘭縣,宜蘭市,S02,宜蘭,2017,10,5.27,20,92.9,13.7,27.2,9.6,22.3,82.5,6.6,20,16.3,1.5,NCU
宜蘭縣,宜蘭市,S02,宜蘭,2017,9,4.82,29,49.3,53.8,38.4,35.4,37,50.1,5.8,17.8,25.1,0.6,NCU
宜蘭縣,宜蘭市,S02,宜蘭,2017,8,5.8,10,53,4.1,13.9,1.7,8,47.9,2.6,8.2,13,3.4,NCU
宜蘭縣,宜蘭市,S02,宜蘭,2017,7,5.33,9,11.7,15.3,18.5,8.3,11.3,9.9,1.8,3.3,16.1,1.9,NCU
宜蘭縣,宜蘭市,S02,宜蘭,2017,6,5.13,12,9.7,20,18.2,14.2,19.7,8.5,2.1,3.4,12.1,1.3,NCU
宜蘭縣,宜蘭市,S02,宜蘭,2017,5,4.96,23,30.8,37,43.4,21.2,42.8,29,4.2,8.2,27.8,1.1,NCU
宜蘭縣,宜蘭市,S02,宜蘭,2017,4,4.78,24,35.7,38.1,45.2,20.1,45.2,36.3,5.3,8.6,27.2,0.4,NCU
宜蘭縣,宜蘭市,S02,宜蘭,2017,3,5.36,49,105.1,52.8,82.8,22.4,81.1,102,10.5,31,54.4,12,NCU
宜蘭縣,宜蘭市,S02,宜蘭,2017,2,5.15,47,197.2,44.7,81.8,11.4,82.5,184.8,10.4,68,60.2,1.1,NCU
宜蘭縣,宜蘭市,S02,宜蘭,2017,1,4.63,50,169,46.2,93.4,29.9,57.4,158,11.9,36.7,52,0.3,NCU
臺北市,中正區,S01,臺北,2017,12,6.29,37,102.8,42.4,62.1,4.4,43.2,89.1,5.5,22.6,119.4,36.1,NCU
臺北市,中正區,S01,臺北,2017,11,6.33,21,64.3,28.2,42.2,1.1,41.8,51.6,5,14.5,69.3,17.3,NCU
臺北市,中正區,S01,臺北,2017,10,5.14,36,159.5,25.6,61.4,15.2,32.6,145.5,9.4,37.9,35,1.9,NCU
臺北市,中正區,S01,臺北,2017,9,5.31,25,36.2,57.2,52.5,13.2,69.4,28.3,12.6,11.2,33.1,2.9,NCU
臺北市,中正區,S01,臺北,2017,8,4.72,41,25.2,100.2,91.2,44.5,85.8,29,6.4,11.3,53.1,2.3,NCU
臺北市,中正區,S01,臺北,2017,7,4.52,30,14.1,59.9,53,42.1,42.9,14.6,4.4,5.7,28.6,0.2,NCU
臺北市,中正區,S01,臺北,2017,6,5.23,17,17.4,36.6,40.1,11,41.4,19.2,4.9,7.6,24.1,2.1,NCU
臺北市,中正區,S01,臺北,2017,5,5.23,25,32.1,56.4,60.2,9.6,74.8,33.5,6.1,10.7,46.2,1.5,NCU
臺北市,中正區,S01,臺北,2017,4,5.11,29,49.1,63.7,79.2,18.8,76.1,49.1,6.3,14.1,46.1,1.5,NCU
臺北市,中正區,S01,臺北,2017,3,4.63,34,37.8,57.2,73.4,30.3,73.7,40.6,11,7.7,33.5,0.3,NCU
臺北市,中正區,S01,臺北,2017,2,5.28,16,25.1,22.2,35.6,8.1,37.4,24.7,4.4,5.7,21.5,2.3,NCU
臺北市,中正區,S01,臺北,2017,1,4.94,36,37.8,40.3,91.5,34.2,54.4,37.3,6.9,7.1,55.9,3,NCU
南投縣,魚池鄉,S43,日月潭,2016,12,5.88,4.89,4.64,9.93,6.66,1.37,15.13,6.11,1.93,<MDL,14.40,3.94,NCU
南投縣,魚池鄉,S43,日月潭,2016,11,6.04,4.97,5.03,10.89,5.82,0.96,13.00,8.31,3.42,<MDL,7.93,5.78,NCU
南投縣,魚池鄉,S43,日月潭,2016,10,6.37,9.42,9.50,10.50,9.70,0.54,34.22,10.24,6.46,7.93,17.07,15.24,NCU
南投縣,魚池鄉,S43,日月潭,2016,9,5.98,9.20,4.76,17.56,16.12,2.06,31.16,4.66,1.70,3.34,22.21,7.08,NCU
南投縣,魚池鄉,S43,日月潭,2016,8,5.99,11.03,5.76,25.11,24.44,2.16,48.41,4.76,2.98,5.04,26.48,7.85,NCU
南投縣,魚池鄉,S43,日月潭,2016,7,6.17,9.92,7.47,19.65,18.17,0.82,38.52,8.13,2.77,5.09,14.07,9.31,NCU
南投縣,魚池鄉,S43,日月潭,2016,6,6.20,9.17,7.32,16.13,14.96,0.85,33.03,8.70,6.11,5.74,26.26,10.71,NCU
南投縣,魚池鄉,S43,日月潭,2016,5,6.17,19.37,12.52,39.81,35.64,3.30,56.98,13.66,4.48,9.40,55.50,12.77,NCU
南投縣,魚池鄉,S43,日月潭,2016,4,5.26,13.40,6.41,25.60,29.19,7.37,49.54,6.27,5.55,6.25,15.98,1.72,NCU
南投縣,魚池鄉,S43,日月潭,2016,3,5.08,18.96,6.41,30.13,43.39,13.70,56.35,6.07,5.15,8.59,36.65,1.00,NCU
南投縣,魚池鄉,S43,日月潭,2016,2,5.44,15.90,10.65,35.26,39.68,4.13,59.36,9.37,3.70,7.55,27.46,1.53,NCU
南投縣,魚池鄉,S43,日月潭,2016,1,5.50,9.23,7.52,15.32,15.50,4.96,25.67,7.46,3.33,7.69,20.19,3.02,NCU
臺北市,北投區,S42,鞍部,2016,12,4.95,55.25,225.20,47.29,86.06,30.29,53.16,214.43,11.66,50.49,54.56,2.49,NCU
臺北市,北投區,S42,鞍部,2016,11,5.15,38.49,205.47,27.51,58.82,12.52,37.23,197.84,9.57,69.61,47.05,1.37,NCU
臺北市,北投區,S42,鞍部,2016,10,5.39,25.18,92.50,20.82,41.08,13.50,36.13,87.38,4.58,24.20,32.43,3.92,NCU
臺北市,北投區,S42,鞍部,2016,9,5.11,25.99,84.82,28.37,47.78,17.16,27.38,88.76,4.58,26.15,39.04,2.43,NCU
臺北市,北投區,S42,鞍部,2016,8,6.12,10.07,16.61,15.99,18.19,1.24,15.87,16.41,2.17,7.04,40.36,9.65,NCU
臺北市,北投區,S42,鞍部,2016,7,6.01,13.88,16.90,33.04,28.38,2.10,35.94,16.37,3.34,8.32,46.32,9.78,NCU
臺北市,北投區,S42,鞍部,2016,6,5.66,10.69,12.54,19.70,21.41,5.76,16.81,12.24,3.04,7.23,30.46,4.62,NCU
臺北市,北投區,S42,鞍部,2016,5,5.96,20.46,32.36,33.71,44.46,3.16,35.91,30.75,5.29,8.55,71.75,11.36,NCU
臺北市,北投區,S42,鞍部,2016,4,5.12,13.18,14.72,18.31,28.25,12.32,26.24,13.55,4.77,5.55,17.48,1.73,NCU
臺北市,北投區,S42,鞍部,2016,3,4.90,25.15,38.20,27.67,43.41,22.12,44.52,35.53,8.45,15.75,21.26,0.82,NCU
臺北市,北投區,S42,鞍部,2016,2,4.92,29.61,91.11,22.31,58.09,17.36,41.44,80.88,6.65,24.45,25.48,0.72,NCU
臺北市,北投區,S42,鞍部,2016,1,5.07,27.92,89.15,22.44,46.10,17.45,30.37,81.56,5.61,23.03,23.70,1.25,NCU
基隆市,中正區,S41,彭佳嶼,2016,12,5.51,48.30,284.19,25.65,55.62,6.61,46.81,272.19,8.83,64.99,56.41,3.42,NCU
基隆市,中正區,S41,彭佳嶼,2016,11,5.56,37.99,219.73,16.32,47.06,5.48,28.61,229.48,8.86,65.46,50.89,3.20,NCU
基隆市,中正區,S41,彭佳嶼,2016,10,5.94,31.42,211.66,5.85,29.07,1.97,<MDL,197.60,6.24,45.45,40.90,10.14,NCU
基隆市,中正區,S41,彭佳嶼,2016,9,5.70,20.00,111.43,18.54,22.46,3.33,5.29,111.17,2.94,27.31,30.79,3.66,NCU
基隆市,中正區,S41,彭佳嶼,2016,8,5.47,12.86,59.81,10.90,21.32,4.01,3.16,57.93,4.62,14.40,17.19,1.78,NCU
基隆市,中正區,S41,彭佳嶼,2016,7,6.93,24.70,64.68,18.31,14.60,0.12,<MDL,61.52,1.94,18.10,133.58,43.41,NCU
基隆市,中正區,S41,彭佳嶼,2016,6,5.99,18.83,78.62,20.45,25.08,1.97,8.97,71.77,3.01,18.70,54.03,8.94,NCU
基隆市,中正區,S41,彭佳嶼,2016,5,5.32,36.74,202.12,26.86,44.09,6.90,29.33,209.22,9.07,52.86,40.32,1.34,NCU
基隆市,中正區,S41,彭佳嶼,2016,4,5.19,22.58,50.10,32.50,39.77,13.99,31.61,47.01,4.59,20.39,46.26,2.01,NCU
基隆市,中正區,S41,彭佳嶼,2016,3,4.77,47.93,198.11,39.07,69.80,21.70,54.50,178.12,5.72,46.14,47.98,0.45,NCU
基隆市,中正區,S41,彭佳嶼,2016,2,5.27,65.10,356.07,21.83,84.30,8.58,44.86,315.19,13.58,85.04,63.95,1.38,NCU
基隆市,中正區,S41,彭佳嶼,2016,1,5.40,37.21,217.20,16.53,38.41,5.93,16.05,199.72,8.32,52.48,41.42,2.18,NCU
雲林縣,麥寮鄉,S26,雲林,2016,12,6.46,30.95,98.40,26.65,75.26,0.37,105.48,93.49,6.92,25.05,46.92,15.85,NCU
雲林縣,麥寮鄉,S26,雲林,2016,11,6.59,14.99,33.75,10.91,23.64,0.27,52.54,30.34,<MDL,4.48,18.77,20.58,NCU
雲林縣,麥寮鄉,S26,雲林,2016,10,6.82,18.92,26.82,22.90,19.09,0.17,68.19,25.83,2.94,6.03,49.42,36.94,NCU
雲林縣,麥寮鄉,S26,雲林,2016,9,6.13,8.59,10.23,11.76,12.46,1.89,30.48,9.02,1.30,3.66,17.27,10.92,NCU
